ds,trend,yhat_lower,yhat_upper,trend_lower,trend_upper,additive_terms,additive_terms_lower,additive_terms_upper,weekly,weekly_lower,weekly_upper,multiplicative_terms,multiplicative_terms_lower,multiplicative_terms_upper,yhat
2016-09-15,-12.604759216,-85.40510973269232,72.15473118838395,-12.604759216,-12.604759216,7.164569184996073,7.164569184996073,7.164569184996073,7.164569184996073,7.164569184996073,7.164569184996073,0.0,0.0,0.0,-5.440190031003927
2016-10-03,-4.327797216869564,-60.27038545737117,94.8462333199556,-4.327797216869564,-4.327797216869564,21.636488223415586,21.636488223415586,21.636488223415586,21.636488223415586,21.636488223415586,21.636488223415586,0.0,0.0,0.0,17.30869100654602
2016-10-04,-3.8679659946956524,-58.85377112728944,87.81823047998095,-3.8679659946956524,-3.8679659946956524,19.320975719630095,19.320975719630095,19.320975719630095,19.320975719630095,19.320975719630095,19.320975719630095,0.0,0.0,0.0,15.453009724934443
2016-10-05,-3.408134772521738,-65.92934563127041,85.12168630843674,-3.408134772521738,-3.408134772521738,14.139579247713133,14.139579247713133,14.139579247713133,14.139579247713133,14.139579247713133,14.139579247713133,0.0,0.0,0.0,10.731444475191395
2016-10-06,-2.948303550347826,-71.3427022075123,81.22129727422936,-2.948303550347826,-2.948303550347826,7.164569185004628,7.164569185004628,7.164569185004628,7.164569185004628,7.164569185004628,7.164569185004628,0.0,0.0,0.0,4.216265634656802
2016-10-07,-2.4884723281739136,-79.27745720672766,70.04346731558056,-2.4884723281739136,-2.4884723281739136,-0.8780983364071148,-0.8780983364071148,-0.8780983364071148,-0.8780983364071148,-0.8780983364071148,-0.8780983364071148,0.0,0.0,0.0,-3.3665706645810283
2016-10-08,-2.0286411059999994,-118.80621756590381,40.38145361864459,-2.0286411059999994,-2.0286411059999994,-36.76061758333042,-36.76061758333042,-36.76061758333042,-36.76061758333042,-36.76061758333042,-36.76061758333042,0.0,0.0,0.0,-38.789258689330424
2016-10-09,-1.568809883826087,-105.57835681832964,51.65269736336228,-1.568809883826087,-1.568809883826087,-24.622896455918458,-24.622896455918458,-24.622896455918458,-24.622896455918458,-24.622896455918458,-24.622896455918458,0.0,0.0,0.0,-26.191706339744545
2016-10-10,-1.1089786616521748,-54.76382645352463,95.40863394104225,-1.1089786616521748,-1.1089786616521748,21.636488223356363,21.636488223356363,21.636488223356363,21.636488223356363,21.636488223356363,21.636488223356363,0.0,0.0,0.0,20.52750956170419
2016-12-23,32.91853177921739,-40.8012412469636,107.54847596386938,32.91853177921739,32.91853177921739,-0.8780983363928414,-0.8780983363928414,-0.8780983363928414,-0.8780983363928414,-0.8780983363928414,-0.8780983363928414,0.0,0.0,0.0,32.04043344282455
2017-01-05,38.896337667478264,-35.223467412009825,118.57046739959843,38.896337667478264,38.896337667478264,7.16456918500593,7.16456918500593,7.16456918500593,7.16456918500593,7.16456918500593,7.16456918500593,0.0,0.0,0.0,46.060906852484194
2017-01-06,39.356168889652174,-33.04744171012402,115.0228488038724,39.356168889652174,39.356168889652174,-0.8780983363875895,-0.8780983363875895,-0.8780983363875895,-0.8780983363875895,-0.8780983363875895,-0.8780983363875895,0.0,0.0,0.0,38.47807055326459
2017-01-07,39.816000111826085,-73.47758083367447,75.30136139582643,39.816000111826085,39.816000111826085,-36.760617583321796,-36.760617583321796,-36.760617583321796,-36.760617583321796,-36.760617583321796,-36.760617583321796,0.0,0.0,0.0,3.055382528504289
2017-01-08,40.275831334,-66.08568173904223,91.28306684139896,40.275831334,40.275831334,-24.62289645597336,-24.62289645597336,-24.62289645597336,-24.62289645597336,-24.62289645597336,-24.62289645597336,0.0,0.0,0.0,15.652934878026642
2017-01-09,40.735662556173914,-15.4968735899355,143.68280428306403,40.735662556173914,40.735662556173914,21.636488223398885,21.636488223398885,21.636488223398885,21.636488223398885,21.636488223398885,21.636488223398885,0.0,0.0,0.0,62.3721507795728
2017-01-10,41.195493778347824,-14.542307145880219,136.22647128057247,41.195493778347824,41.195493778347824,19.320975719640547,19.320975719640547,19.320975719640547,19.320975719640547,19.320975719640547,19.320975719640547,0.0,0.0,0.0,60.51646949798837
2017-01-11,41.65532500052174,-21.104207110335533,131.90790070624317,41.65532500052174,41.65532500052174,14.139579247710953,14.139579247710953,14.139579247710953,14.139579247710953,14.139579247710953,14.139579247710953,0.0,0.0,0.0,55.7949042482327
2017-01-12,42.11515622269565,-33.9518527354505,127.9996879154368,42.11515622269565,42.11515622269565,7.164569185007876,7.164569185007876,7.164569185007876,7.164569185007876,7.164569185007876,7.164569185007876,0.0,0.0,0.0,49.27972540770353
2017-01-13,42.57498744486956,-35.19575273002375,112.40967566321318,42.57498744486956,42.57498744486956,-0.878098336417906,-0.878098336417906,-0.878098336417906,-0.878098336417906,-0.878098336417906,-0.878098336417906,0.0,0.0,0.0,41.69688910845166
2017-01-14,43.03481866704348,-72.92660098134957,85.60465662998743,43.03481866704348,43.03481866704348,-36.760617583361444,-36.760617583361444,-36.760617583361444,-36.760617583361444,-36.760617583361444,-36.760617583361444,0.0,0.0,0.0,6.274201083682037
2017-01-15,43.49464988921739,-58.08446432941082,96.54692864714495,43.49464988921739,43.49464988921739,-24.622896455918085,-24.622896455918085,-24.622896455918085,-24.622896455918085,-24.622896455918085,-24.622896455918085,0.0,0.0,0.0,18.871753433299308
2017-01-16,43.954481134101876,-12.604214788957659,141.35902013093929,43.954481134101876,43.954481134101876,21.636488223366456,21.636488223366456,21.636488223366456,21.636488223366456,21.636488223366456,21.636488223366456,0.0,0.0,0.0,65.59096935746834
2017-01-17,44.41431237898637,-7.20143820604861,150.29303811091486,44.41431237898637,44.41431237898637,19.320975719640714,19.320975719640714,19.320975719640714,19.320975719640714,19.320975719640714,19.320975719640714,0.0,0.0,0.0,63.73528809862708
2017-01-18,44.87414362387086,-14.833871531793617,135.4307559247507,44.87414362387086,44.87414362387086,14.139579247707614,14.139579247707614,14.139579247707614,14.139579247707614,14.139579247707614,14.139579247707614,0.0,0.0,0.0,59.01372287157847
2017-01-19,45.33397486875535,-29.62291200771243,127.61124840334975,45.33397486875535,45.33397486875535,7.16456918501254,7.16456918501254,7.16456918501254,7.16456918501254,7.16456918501254,7.16456918501254,0.0,0.0,0.0,52.49854405376789
2017-01-20,45.79380611363984,-30.83531497982688,124.26474223435149,45.79380611363984,45.79380611363984,-0.878098336420143,-0.878098336420143,-0.878098336420143,-0.878098336420143,-0.878098336420143,-0.878098336420143,0.0,0.0,0.0,44.915707777219694
2017-01-21,46.25363735852433,-64.04117919866273,82.40744248519432,46.25363735852433,46.25363735852433,-36.76061758329628,-36.76061758329628,-36.76061758329628,-36.76061758329628,-36.76061758329628,-36.76061758329628,0.0,0.0,0.0,9.49301977522805
2017-01-22,46.71346860340882,-50.5488900078999,100.05548277781257,46.71346860340882,46.71346860340882,-24.622896456124625,-24.622896456124625,-24.622896456124625,-24.622896456124625,-24.622896456124625,-24.622896456124625,0.0,0.0,0.0,22.090572147284195
2017-01-23,47.17329984829331,-10.324689439134486,143.94045387975825,47.17329984829331,47.17329984829331,21.636488223394526,21.636488223394526,21.636488223394526,21.636488223394526,21.636488223394526,21.636488223394526,0.0,0.0,0.0,68.80978807168783
2017-01-24,47.6331310931778,-10.030964788991179,143.9578488194279,47.6331310931778,47.6331310931778,19.320975719626592,19.320975719626592,19.320975719626592,19.320975719626592,19.320975719626592,19.320975719626592,0.0,0.0,0.0,66.9541068128044
2017-01-25,48.09296233806229,-15.360781493644701,139.72735520216258,48.09296233806229,48.09296233806229,14.139579247704274,14.139579247704274,14.139579247704274,14.139579247704274,14.139579247704274,14.139579247704274,0.0,0.0,0.0,62.23254158576657
2017-01-26,48.55279358294678,-18.30369379454413,135.645641079218,48.55279358294678,48.55279358294678,7.164569184998334,7.164569184998334,7.164569184998334,7.164569184998334,7.164569184998334,7.164569184998334,0.0,0.0,0.0,55.71736276794511
2017-01-27,49.012624827831274,-24.083595415966812,123.69580909857217,49.012624827831274,49.012624827831274,-0.87809833638458,-0.87809833638458,-0.87809833638458,-0.87809833638458,-0.87809833638458,-0.87809833638458,0.0,0.0,0.0,48.13452649144669
2017-01-28,49.472456072715765,-65.1143709241135,89.06911955626718,49.472456072715765,49.472456072715765,-36.76061758333593,-36.76061758333593,-36.76061758333593,-36.76061758333593,-36.76061758333593,-36.76061758333593,0.0,0.0,0.0,12.711838489379836
2017-01-29,49.932287317600256,-50.214597450472446,105.81802280657519,49.932287317600256,49.932287317600256,-24.622896456069352,-24.622896456069352,-24.622896456069352,-24.622896456069352,-24.622896456069352,-24.622896456069352,0.0,0.0,0.0,25.309390861530904
2017-01-30,50.39211856248474,-4.783261396385506,146.0586323918676,50.39211856248474,50.39211856248474,21.636488223422596,21.636488223422596,21.636488223422596,21.636488223422596,21.636488223422596,21.636488223422596,0.0,0.0,0.0,72.02860678590733
2017-01-31,50.85194980736923,-5.858039622960894,143.08365839843975,50.85194980736923,50.85194980736923,19.320975719626762,19.320975719626762,19.320975719626762,19.320975719626762,19.320975719626762,19.320975719626762,0.0,0.0,0.0,70.172925526996
2017-02-01,51.31178105225373,-5.235810790004189,144.2497249096828,51.31178105225373,51.31178105225373,14.139579247710262,14.139579247710262,14.139579247710262,14.139579247710262,14.139579247710262,14.139579247710262,0.0,0.0,0.0,65.451360299964
2017-02-02,51.77161229713821,-23.008713005955077,135.60044899140897,51.77161229713821,51.77161229713821,7.164569185019149,7.164569185019149,7.164569185019149,7.164569185019149,7.164569185019149,7.164569185019149,0.0,0.0,0.0,58.93618148215736
2017-02-03,52.23144354202271,-26.679701293114565,123.86960117953558,52.23144354202271,52.23144354202271,-0.8780983364148975,-0.8780983364148975,-0.8780983364148975,-0.8780983364148975,-0.8780983364148975,-0.8780983364148975,0.0,0.0,0.0,51.35334520560781
2017-02-04,52.69127478817924,-56.53639859305848,94.89995499349307,52.69127478817924,52.69127478817924,-36.760617583341144,-36.760617583341144,-36.760617583341144,-36.760617583341144,-36.760617583341144,-36.760617583341144,0.0,0.0,0.0,15.930657204838099
2017-02-05,53.15110603433576,-48.827244446200325,103.5382752319646,53.15110603433576,53.15110603433576,-24.62289645604806,-24.62289645604806,-24.62289645604806,-24.62289645604806,-24.62289645604806,-24.62289645604806,0.0,0.0,0.0,28.5282095782877
2017-02-06,53.610937280492294,3.990596200338888,153.32143993074084,53.610937280492294,53.610937280492294,21.636488223363372,21.636488223363372,21.636488223363372,21.636488223363372,21.636488223363372,21.636488223363372,0.0,0.0,0.0,75.24742550385567
2017-02-07,54.07076852664882,-4.125649753532822,148.14192973799024,54.07076852664882,54.07076852664882,19.32097571964258,19.32097571964258,19.32097571964258,19.32097571964258,19.32097571964258,19.32097571964258,0.0,0.0,0.0,73.3917442462914
2017-02-08,54.530599772805346,-5.896629477275827,144.59900194693577,54.530599772805346,54.530599772805346,14.139579247718308,14.139579247718308,14.139579247718308,14.139579247718308,14.139579247718308,14.139579247718308,0.0,0.0,0.0,68.67017902052365
2017-02-09,54.99043101896187,-15.09264502478903,133.62372629148973,54.99043101896187,54.99043101896187,7.164569185007661,7.164569185007661,7.164569185007661,7.164569185007661,7.164569185007661,7.164569185007661,0.0,0.0,0.0,62.155000203969536
2017-02-10,55.450262265118404,-23.364758592510583,131.71231466276987,55.450262265118404,55.450262265118404,-0.8780983364452081,-0.8780983364452081,-0.8780983364452081,-0.8780983364452081,-0.8780983364452081,-0.8780983364452081,0.0,0.0,0.0,54.5721639286732
2017-02-11,55.91009351127492,-52.77611477116717,93.41963472883668,55.91009351127492,55.91009351127492,-36.76061758338079,-36.76061758338079,-36.76061758338079,-36.76061758338079,-36.76061758338079,-36.76061758338079,0.0,0.0,0.0,19.14947592789413
2017-02-12,56.369924757431455,-43.88556175201126,107.65582662590211,56.369924757431455,56.369924757431455,-24.622896456072723,-24.622896456072723,-24.622896456072723,-24.622896456072723,-24.622896456072723,-24.622896456072723,0.0,0.0,0.0,31.747028301358732
2017-02-13,56.82975600358798,0.5292038014880579,155.873630523104,56.82975600358798,56.82975600358798,21.636488223418233,21.636488223418233,21.636488223418233,21.636488223418233,21.636488223418233,21.636488223418233,0.0,0.0,0.0,78.46624422700621
2017-02-14,57.28958724974451,-1.097451901634194,151.97994410610525,57.28958724974451,57.28958724974451,19.320975719628446,19.320975719628446,19.320975719628446,19.320975719628446,19.320975719628446,19.320975719628446,0.0,0.0,0.0,76.61056296937295
2017-02-15,57.74941849590103,-7.001638985674417,149.45219413245826,57.74941849590103,57.74941849590103,14.139579247712913,14.139579247712913,14.139579247712913,14.139579247712913,14.139579247712913,14.139579247712913,0.0,0.0,0.0,71.88899774361394
2017-02-16,58.209249742057565,-7.505765705772792,146.70928423024793,58.209249742057565,58.209249742057565,7.164569185012325,7.164569185012325,7.164569185012325,7.164569185012325,7.164569185012325,7.164569185012325,0.0,0.0,0.0,65.37381892706989
2017-02-17,58.66908098821409,-16.359890831787038,132.67963981682408,58.66908098821409,58.66908098821409,-0.8780983363815726,-0.8780983363815726,-0.8780983363815726,-0.8780983363815726,-0.8780983363815726,-0.8780983363815726,0.0,0.0,0.0,57.79098265183252
2017-02-18,59.12891223437062,-53.545492225969554,100.6640067604461,59.12891223437062,59.12891223437062,-36.760617583350076,-36.760617583350076,-36.760617583350076,-36.760617583350076,-36.760617583350076,-36.760617583350076,0.0,0.0,0.0,22.36829465102054
2017-02-19,59.588743480527135,-39.99165285621947,112.01303268438905,59.588743480527135,59.588743480527135,-24.62289645601745,-24.62289645601745,-24.62289645601745,-24.62289645601745,-24.62289645601745,-24.62289645601745,0.0,0.0,0.0,34.965847024509685
2017-02-20,60.048574726683675,7.090308218547463,158.124966306442,60.048574726683675,60.048574726683675,21.63648822341951,21.63648822341951,21.63648822341951,21.63648822341951,21.63648822341951,21.63648822341951,0.0,0.0,0.0,81.68506295010319
2017-02-21,60.508405972840194,10.858485388753119,157.53869642803306,60.508405972840194,60.508405972840194,19.32097571961432,19.32097571961432,19.32097571961432,19.32097571961432,19.32097571961432,19.32097571961432,0.0,0.0,0.0,79.82938169245452
2017-02-22,60.968237218996734,-2.3162810562752107,151.26674700789187,60.968237218996734,60.968237218996734,14.139579247720958,14.139579247720958,14.139579247720958,14.139579247720958,14.139579247720958,14.139579247720958,0.0,0.0,0.0,75.1078164667177
2017-02-23,61.428068465153245,-5.786113248104551,142.45998630852603,61.428068465153245,61.428068465153245,7.164569184998119,7.164569184998119,7.164569184998119,7.164569184998119,7.164569184998119,7.164569184998119,0.0,0.0,0.0,68.59263765015136
2017-02-24,61.887899720012676,-17.626171721449012,139.2609063769871,61.887899720012676,61.887899720012676,-0.8780983364399597,-0.8780983364399597,-0.8780983364399597,-0.8780983364399597,-0.8780983364399597,-0.8780983364399597,0.0,0.0,0.0,61.009801383572714
2017-02-25,62.347730974872114,-53.73107662621926,101.58622415382715,62.347730974872114,62.347730974872114,-36.76061758328489,-36.76061758328489,-36.76061758328489,-36.76061758328489,-36.76061758328489,-36.76061758328489,0.0,0.0,0.0,25.587113391587224
2017-02-26,62.807562229731545,-33.89375271274221,109.26950442918549,62.807562229731545,62.807562229731545,-24.622896456030137,-24.622896456030137,-24.622896456030137,-24.622896456030137,-24.622896456030137,-24.622896456030137,0.0,0.0,0.0,38.18466577370141
2017-02-27,63.267393484590976,5.142997943458851,169.10945919804934,63.267393484590976,63.267393484590976,21.636488223447582,21.636488223447582,21.636488223447582,21.636488223447582,21.636488223447582,21.636488223447582,0.0,0.0,0.0,84.90388170803855
2017-02-28,63.727224739450406,11.931239981575487,161.33499136788305,63.727224739450406,63.727224739450406,19.32097571964443,19.32097571964443,19.32097571964443,19.32097571964443,19.32097571964443,19.32097571964443,0.0,0.0,0.0,83.04820045909483
2017-03-01,64.18705599430984,0.856343628419973,150.1208460790829,64.18705599430984,64.18705599430984,14.139579247716584,14.139579247716584,14.139579247716584,14.139579247716584,14.139579247716584,14.139579247716584,0.0,0.0,0.0,78.32663524202643
2017-03-02,64.64688724916927,-10.664238267611056,141.64758167720225,64.64688724916927,64.64688724916927,7.1645691849866315,7.1645691849866315,7.1645691849866315,7.1645691849866315,7.1645691849866315,7.1645691849866315,0.0,0.0,0.0,71.8114564341559
2017-03-03,65.10671850402872,-11.366587616790207,140.18628672160526,65.10671850402872,65.10671850402872,-0.8780983364421991,-0.8780983364421991,-0.8780983364421991,-0.8780983364421991,-0.8780983364421991,-0.8780983364421991,0.0,0.0,0.0,64.22862016758653
2017-03-04,65.56654975888816,-50.84035534037888,106.44681255017305,65.56654975888816,65.56654975888816,-36.76061758329011,-36.76061758329011,-36.76061758329011,-36.76061758329011,-36.76061758329011,-36.76061758329011,0.0,0.0,0.0,28.805932175598045
2017-03-05,66.02638101374758,-36.155735489390736,114.84127194875374,66.02638101374758,66.02638101374758,-24.6228964560548,-24.6228964560548,-24.6228964560548,-24.6228964560548,-24.6228964560548,-24.6228964560548,0.0,0.0,0.0,41.40348455769278
2017-03-06,66.48621226860702,10.159035980389218,162.4632423480361,66.48621226860702,66.48621226860702,21.636488223388355,21.636488223388355,21.636488223388355,21.636488223388355,21.636488223388355,21.636488223388355,0.0,0.0,0.0,88.12270049199537
2017-03-07,66.94604352346644,10.499901561206947,162.33164800821132,66.94604352346644,66.94604352346644,19.320975719645944,19.320975719645944,19.320975719645944,19.320975719645944,19.320975719645944,19.320975719645944,0.0,0.0,0.0,86.26701924311239
2017-03-08,67.40587477832588,7.502260880297521,154.87673202590142,67.40587477832588,67.40587477832588,14.139579247712213,14.139579247712213,14.139579247712213,14.139579247712213,14.139579247712213,14.139579247712213,0.0,0.0,0.0,81.5454540260381
2017-03-09,67.8657060331853,0.8049804134334424,148.24823153389934,67.8657060331853,67.8657060331853,7.164569185007446,7.164569185007446,7.164569185007446,7.164569185007446,7.164569185007446,7.164569185007446,0.0,0.0,0.0,75.03027521819276
2017-03-10,68.32553728804474,-6.2259119997617685,145.30224563086543,68.32553728804474,68.32553728804474,-0.8780983364725161,-0.8780983364725161,-0.8780983364725161,-0.8780983364725161,-0.8780983364725161,-0.8780983364725161,0.0,0.0,0.0,67.44743895157222
2017-03-11,68.78536854290418,-40.458148292188824,109.26947983502163,68.78536854290418,68.78536854290418,-36.76061758329381,-36.76061758329381,-36.76061758329381,-36.76061758329381,-36.76061758329381,-36.76061758329381,0.0,0.0,0.0,32.02475095961037
2017-03-12,69.2451997977636,-28.0463305158604,123.11227671350997,69.2451997977636,69.2451997977636,-24.6228964560335,-24.6228964560335,-24.6228964560335,-24.6228964560335,-24.6228964560335,-24.6228964560335,0.0,0.0,0.0,44.6223033417301
2017-03-13,69.70503105262304,19.866600243654684,171.76405722456562,69.70503105262304,69.70503105262304,21.636488223389634,21.636488223389634,21.636488223389634,21.636488223389634,21.636488223389634,21.636488223389634,0.0,0.0,0.0,91.34151927601268
2017-03-14,70.16486230748247,11.143550012147124,164.92343558915593,70.16486230748247,70.16486230748247,19.32097571964612,19.32097571964612,19.32097571964612,19.32097571964612,19.32097571964612,19.32097571964612,0.0,0.0,0.0,89.48583802712858
2017-03-15,70.62469353051212,2.38377321375229,163.20808107157677,70.62469353051212,70.62469353051212,14.139579247707847,14.139579247707847,14.139579247707847,14.139579247707847,14.139579247707847,14.139579247707847,0.0,0.0,0.0,84.76427277821996
2017-03-16,71.08452475354173,3.289081303343714,163.62712603260493,71.08452475354173,71.08452475354173,7.164569184993241,7.164569184993241,7.164569184993241,7.164569184993241,7.164569184993241,7.164569184993241,0.0,0.0,0.0,78.24909393853497
2017-03-17,71.54435597657135,-6.3258831308947325,151.1423035343412,71.54435597657135,71.54435597657135,-0.8780983364088741,-0.8780983364088741,-0.8780983364088741,-0.8780983364088741,-0.8780983364088741,-0.8780983364088741,0.0,0.0,0.0,70.66625764016248
2017-03-18,72.00418719960098,-36.8756097412475,116.8643316307769,72.00418719960098,72.00418719960098,-36.76061758329902,-36.76061758329902,-36.76061758329902,-36.76061758329902,-36.76061758329902,-36.76061758329902,0.0,0.0,0.0,35.243569616301954
2017-03-19,72.46401842263062,-28.090620303246254,129.3431404724498,72.46401842263062,72.46401842263062,-24.622896456012214,-24.622896456012214,-24.622896456012214,-24.622896456012214,-24.622896456012214,-24.622896456012214,0.0,0.0,0.0,47.8411219666184
2017-03-20,72.92384964566024,15.851456674806515,170.8579266939146,72.92384964566024,72.92384964566024,21.636488223444495,21.636488223444495,21.636488223444495,21.636488223444495,21.636488223444495,21.636488223444495,0.0,0.0,0.0,94.56033786910473
2017-03-21,73.38368086868986,19.76087421050554,170.95860873257624,73.38368086868986,73.38368086868986,19.32097571964763,19.32097571964763,19.32097571964763,19.32097571964763,19.32097571964763,19.32097571964763,0.0,0.0,0.0,92.7046565883375
2017-03-22,73.8435120917195,13.509137017452272,165.4761824254884,73.8435120917195,73.8435120917195,14.139579247715892,14.139579247715892,14.139579247715892,14.139579247715892,14.139579247715892,14.139579247715892,0.0,0.0,0.0,87.98309133943539
2017-03-23,74.30334331474913,6.680647834682817,159.76301586271006,74.30334331474913,74.30334331474913,7.164569184997906,7.164569184997906,7.164569184997906,7.164569184997906,7.164569184997906,7.164569184997906,0.0,0.0,0.0,81.46791249974703
2017-03-24,74.76317453777874,3.51622530001145,151.95260370770256,74.76317453777874,74.76317453777874,-0.8780983364013853,-0.8780983364013853,-0.8780983364013853,-0.8780983364013853,-0.8780983364013853,-0.8780983364013853,0.0,0.0,0.0,73.88507620137736
2017-03-25,75.22300576080839,-37.816751552148126,106.07343003403972,75.22300576080839,75.22300576080839,-36.76061758333868,-36.76061758333868,-36.76061758333868,-36.76061758333868,-36.76061758333868,-36.76061758333868,0.0,0.0,0.0,38.46238817746971
2017-03-26,75.682836983838,-27.243360446108984,125.42756071032296,75.682836983838,75.682836983838,-24.622896455990922,-24.622896455990922,-24.622896455990922,-24.622896455990922,-24.622896455990922,-24.622896455990922,0.0,0.0,0.0,51.059940527847075
2017-03-27,76.14266820686764,20.397126350466525,174.56606647279088,76.14266820686764,76.14266820686764,21.63648822338527,21.63648822338527,21.63648822338527,21.63648822338527,21.63648822338527,21.63648822338527,0.0,0.0,0.0,97.77915643025291
2017-03-28,76.60249942989725,19.84591181574572,173.0030196593174,76.60249942989725,76.60249942989725,19.3209757196478,19.3209757196478,19.3209757196478,19.3209757196478,19.3209757196478,19.3209757196478,0.0,0.0,0.0,95.92347514954506
2017-03-29,77.0623306529269,7.912439285521344,166.98873919587723,77.0623306529269,77.0623306529269,14.139579247711524,14.139579247711524,14.139579247711524,14.139579247711524,14.139579247711524,14.139579247711524,0.0,0.0,0.0,91.20190990063843
2017-03-30,77.52216187595651,8.96721993847754,157.7365648021751,77.52216187595651,77.52216187595651,7.164569185002567,7.164569185002567,7.164569185002567,7.164569185002567,7.164569185002567,7.164569185002567,0.0,0.0,0.0,84.68673106095908
2017-03-31,77.98199309898615,-6.962334947019948,148.07263818518064,77.98199309898615,77.98199309898615,-0.8780983364317008,-0.8780983364317008,-0.8780983364317008,-0.8780983364317008,-0.8780983364317008,-0.8780983364317008,0.0,0.0,0.0,77.10389476255445
2017-04-01,78.44182432201576,-37.66753846351934,117.11930595207696,78.44182432201576,78.44182432201576,-36.76061758327351,-36.76061758327351,-36.76061758327351,-36.76061758327351,-36.76061758327351,-36.76061758327351,0.0,0.0,0.0,41.681206738742254
2017-04-02,78.9016555450454,-21.32563975947072,131.53594655370205,78.9016555450454,78.9016555450454,-24.62289645601558,-24.62289645601558,-24.62289645601558,-24.62289645601558,-24.62289645601558,-24.62289645601558,0.0,0.0,0.0,54.27875908902982
2017-04-03,79.36148676807503,25.572315956000004,177.29457374045776,79.36148676807503,79.36148676807503,21.636488223413345,21.636488223413345,21.636488223413345,21.636488223413345,21.636488223413345,21.636488223413345,0.0,0.0,0.0,100.99797499148838
2017-04-04,79.82131806641404,19.48862911704172,176.32080752855484,79.82131806641404,79.82131806641404,19.320975719633672,19.320975719633672,19.320975719633672,19.320975719633672,19.320975719633672,19.320975719633672,0.0,0.0,0.0,99.1422937860477
2017-04-05,80.28114936475302,13.509517068166456,167.65334297479097,80.28114936475302,80.28114936475302,14.139579247708182,14.139579247708182,14.139579247708182,14.139579247708182,14.139579247708182,14.139579247708182,0.0,0.0,0.0,94.4207286124612
2017-04-06,80.74098066309202,14.724717933365238,166.9338928405874,80.74098066309202,80.74098066309202,7.164569185007231,7.164569185007231,7.164569185007231,7.164569185007231,7.164569185007231,7.164569185007231,0.0,0.0,0.0,87.90554984809924
2017-04-07,81.200811961431,6.371994540297995,153.4567635696137,81.200811961431,81.200811961431,-0.8780983363961334,-0.8780983363961334,-0.8780983363961334,-0.8780983363961334,-0.8780983363961334,-0.8780983363961334,0.0,0.0,0.0,80.32271362503487
2017-04-08,81.66064325977001,-33.73049848801728,116.56315439851373,81.66064325977001,81.66064325977001,-36.760617583313156,-36.760617583313156,-36.760617583313156,-36.760617583313156,-36.760617583313156,-36.760617583313156,0.0,0.0,0.0,44.900025676456856
2017-04-09,82.12047455810898,-23.161223859031644,132.24109408144034,82.12047455810898,82.12047455810898,-24.62289645599429,-24.62289645599429,-24.62289645599429,-24.62289645599429,-24.62289645599429,-24.62289645599429,0.0,0.0,0.0,57.49757810211469
2017-04-10,82.58030585644799,32.41961883324419,180.94844277079196,82.58030585644799,82.58030585644799,21.636488223380912,21.636488223380912,21.636488223380912,21.636488223380912,21.636488223380912,21.636488223380912,0.0,0.0,0.0,104.2167940798289
2017-04-11,83.04013715478698,26.355589324193318,180.10555124251223,83.04013715478698,83.04013715478698,19.320975719619554,19.320975719619554,19.320975719619554,19.320975719619554,19.320975719619554,19.320975719619554,0.0,0.0,0.0,102.36111287440653
2017-04-12,83.49996845312597,20.138196888291155,173.07162995010688,83.49996845312597,83.49996845312597,14.139579247714178,14.139579247714178,14.139579247714178,14.139579247714178,14.139579247714178,14.139579247714178,0.0,0.0,0.0,97.63954770084015
2017-04-13,83.95979975146496,13.970082577655523,165.48172999681216,83.95979975146496,83.95979975146496,7.164569184993028,7.164569184993028,7.164569184993028,7.164569184993028,7.164569184993028,7.164569184993028,0.0,0.0,0.0,91.12436893645798
2017-04-14,84.41963104980397,17.549805038126905,164.84346012607662,84.41963104980397,84.41963104980397,-0.8780983363983749,-0.8780983363983749,-0.8780983363983749,-0.8780983363983749,-0.8780983363983749,-0.8780983363983749,0.0,0.0,0.0,83.54153271340559
2017-04-15,84.87946234814295,-28.71844753468811,121.34498785207558,84.87946234814295,84.87946234814295,-36.76061758331838,-36.76061758331838,-36.76061758331838,-36.76061758331838,-36.76061758331838,-36.76061758331838,0.0,0.0,0.0,48.11884476482457
2017-04-16,85.33929364648195,-9.989596552966667,131.07266601723128,85.33929364648195,85.33929364648195,-24.622896455939017,-24.622896455939017,-24.622896455939017,-24.622896455939017,-24.622896455939017,-24.622896455939017,0.0,0.0,0.0,60.716397190542935
2017-04-17,85.79912494482095,30.578529685835207,179.03556268322006,85.79912494482095,85.79912494482095,21.636488223348483,21.636488223348483,21.636488223348483,21.636488223348483,21.636488223348483,21.636488223348483,0.0,0.0,0.0,107.43561316816943
2017-04-18,86.25895624315994,29.646419573242902,183.286006776355,86.25895624315994,86.25895624315994,19.32097571963536,19.32097571963536,19.32097571963536,19.32097571963536,19.32097571963536,19.32097571963536,0.0,0.0,0.0,105.5799319627953
2017-04-19,86.71878754149891,26.79011372081587,179.16871559376008,86.71878754149891,86.71878754149891,14.139579247710834,14.139579247710834,14.139579247710834,14.139579247710834,14.139579247710834,14.139579247710834,0.0,0.0,0.0,100.85836678920975
2017-04-20,87.17861883983792,13.807579500653514,165.77115279929512,87.17861883983792,87.17861883983792,7.164569185011123,7.164569185011123,7.164569185011123,7.164569185011123,7.164569185011123,7.164569185011123,0.0,0.0,0.0,94.34318802484904
2017-04-21,87.6384501381769,11.258868267401478,162.36675185985447,87.6384501381769,87.6384501381769,-0.8780983364006177,-0.8780983364006177,-0.8780983364006177,-0.8780983364006177,-0.8780983364006177,-0.8780983364006177,0.0,0.0,0.0,86.7603518017763
2017-04-22,88.09828143651589,-26.113091968253844,125.06542656641409,88.09828143651589,88.09828143651589,-36.76061758332359,-36.76061758332359,-36.76061758332359,-36.76061758332359,-36.76061758332359,-36.76061758332359,0.0,0.0,0.0,51.3376638531923
2017-04-23,88.5581127479688,-14.338097947810256,136.06876332329998,88.5581127479688,88.5581127479688,-24.622896456031636,-24.622896456031636,-24.622896456031636,-24.622896456031636,-24.622896456031636,-24.622896456031636,0.0,0.0,0.0,63.93521629193717
2017-04-24,89.01794405942171,31.33731303807655,182.2705060457858,89.01794405942171,89.01794405942171,21.63648822337655,21.63648822337655,21.63648822337655,21.63648822337655,21.63648822337655,21.63648822337655,0.0,0.0,0.0,110.65443228279825
2017-04-25,89.47777537087461,28.515969247100806,179.2621525104118,89.47777537087461,89.47777537087461,19.320975719635534,19.320975719635534,19.320975719635534,19.320975719635534,19.320975719635534,19.320975719635534,0.0,0.0,0.0,108.79875109051014
2017-04-26,89.93760668232753,23.658842481293433,173.3494350634975,89.93760668232753,89.93760668232753,14.139579247706463,14.139579247706463,14.139579247706463,14.139579247706463,14.139579247706463,14.139579247706463,0.0,0.0,0.0,104.07718593003399
2017-04-27,90.39743799378043,21.31645453203731,173.20992679240032,90.39743799378043,90.39743799378043,7.164569184999636,7.164569184999636,7.164569184999636,7.164569184999636,7.164569184999636,7.164569184999636,0.0,0.0,0.0,97.56200717878006
2017-04-28,90.85726930523333,15.836922777622561,169.9349940467161,90.85726930523333,90.85726930523333,-0.8780983363650544,-0.8780983363650544,-0.8780983363650544,-0.8780983363650544,-0.8780983363650544,-0.8780983363650544,0.0,0.0,0.0,89.97917096886827
2017-04-29,91.31710061668623,-26.494618278301576,127.83118601843327,91.31710061668623,91.31710061668623,-36.760617583292856,-36.760617583292856,-36.760617583292856,-36.760617583292856,-36.760617583292856,-36.760617583292856,0.0,0.0,0.0,54.55648303339338
2017-04-30,91.77693192813916,-11.192475633238612,143.4347032809818,91.77693192813916,91.77693192813916,-24.622896455976367,-24.622896455976367,-24.622896455976367,-24.622896455976367,-24.622896455976367,-24.622896455976367,0.0,0.0,0.0,67.1540354721628
2017-05-01,92.23676323959205,32.89571320541738,191.6149941539676,92.23676323959205,92.23676323959205,21.636488223404616,21.636488223404616,21.636488223404616,21.636488223404616,21.636488223404616,21.636488223404616,0.0,0.0,0.0,113.87325146299666
2017-05-02,92.69659455104497,33.04866721710451,187.55353119787696,92.69659455104497,92.69659455104497,19.3209757196357,19.3209757196357,19.3209757196357,19.3209757196357,19.3209757196357,19.3209757196357,0.0,0.0,0.0,112.01757027068066
2017-05-03,93.15642586249785,24.439490248102047,177.56932316382105,93.15642586249785,93.15642586249785,14.139579247702097,14.139579247702097,14.139579247702097,14.139579247702097,14.139579247702097,14.139579247702097,0.0,0.0,0.0,107.29600511019996
2017-05-04,93.61625717395079,21.389922619648143,178.9019435214859,93.61625717395079,93.61625717395079,7.164569185017731,7.164569185017731,7.164569185017731,7.164569185017731,7.164569185017731,7.164569185017731,0.0,0.0,0.0,100.78082635896851
2017-05-05,94.07608848540367,17.41898028823649,163.88338201521455,94.07608848540367,94.07608848540367,-0.8780983363953654,-0.8780983363953654,-0.8780983363953654,-0.8780983363953654,-0.8780983363953654,-0.8780983363953654,0.0,0.0,0.0,93.1979901490083
2017-05-06,94.53591979685659,-18.480898765580438,129.23614437037352,94.53591979685659,94.53591979685659,-36.760617583332504,-36.760617583332504,-36.760617583332504,-36.760617583332504,-36.760617583332504,-36.760617583332504,0.0,0.0,0.0,57.775302213524085
2017-05-07,94.99575110830949,-7.800496532994313,144.47324316684643,94.99575110830949,94.99575110830949,-24.622896456068986,-24.622896456068986,-24.622896456068986,-24.622896456068986,-24.622896456068986,-24.622896456068986,0.0,0.0,0.0,70.3728546522405
2017-05-08,95.45558241976241,39.15159433323083,188.75734807124053,95.45558241976241,95.45558241976241,21.636488223405898,21.636488223405898,21.636488223405898,21.636488223405898,21.636488223405898,21.636488223405898,0.0,0.0,0.0,117.09207064316831
2017-05-09,95.9154137312153,43.1627229499809,193.66129145799886,95.9154137312153,95.9154137312153,19.32097571965151,19.32097571965151,19.32097571965151,19.32097571965151,19.32097571965151,19.32097571965151,0.0,0.0,0.0,115.23638945086681
2017-05-10,96.37524504266823,32.14733503536666,184.8751544388788,96.37524504266823,96.37524504266823,14.139579247709113,14.139579247709113,14.139579247709113,14.139579247709113,14.139579247709113,14.139579247709113,0.0,0.0,0.0,110.51482429037733
2017-05-11,96.83507635412113,25.899833177266512,176.823587892937,96.83507635412113,96.83507635412113,7.164569185006246,7.164569185006246,7.164569185006246,7.164569185006246,7.164569185006246,7.164569185006246,0.0,0.0,0.0,103.99964553912737
2017-05-12,97.29490766557402,23.73088248608252,172.5685227399308,97.29490766557402,97.29490766557402,-0.8780983364256779,-0.8780983364256779,-0.8780983364256779,-0.8780983364256779,-0.8780983364256779,-0.8780983364256779,0.0,0.0,0.0,96.41680932914834
2017-05-13,97.7547389689743,-20.900441025684593,132.0026915628048,97.7547389689743,97.7547389689743,-36.76061758337216,-36.76061758337216,-36.76061758337216,-36.76061758337216,-36.76061758337216,-36.76061758337216,0.0,0.0,0.0,60.994121385602135
2017-05-14,98.21457027237457,-0.8929935696700437,147.97680622004094,98.21457027237457,98.21457027237457,-24.622896456093653,-24.622896456093653,-24.622896456093653,-24.622896456093653,-24.622896456093653,-24.622896456093653,0.0,0.0,0.0,73.59167381628092
2017-05-15,98.67440157577482,48.84647922381416,197.28010958374486,98.67440157577482,98.67440157577482,21.63648822340026,21.63648822340026,21.63648822340026,21.63648822340026,21.63648822340026,21.63648822340026,0.0,0.0,0.0,120.31088979917509
2017-05-16,99.13423287917512,42.86508187604848,185.21495014167644,99.13423287917512,99.13423287917512,19.320975719637385,19.320975719637385,19.320975719637385,19.320975719637385,19.320975719637385,19.320975719637385,0.0,0.0,0.0,118.4552085988125
2017-05-17,99.59406418257538,37.80182202582147,186.9200941556031,99.59406418257538,99.59406418257538,14.139579247705775,14.139579247705775,14.139579247705775,14.139579247705775,14.139579247705775,14.139579247705775,0.0,0.0,0.0,113.73364343028115
2017-05-18,100.05389548597564,31.703885627310182,178.3965630962669,100.05389548597564,100.05389548597564,7.16456918501091,7.16456918501091,7.16456918501091,7.16456918501091,7.16456918501091,7.16456918501091,0.0,0.0,0.0,107.21846467098655
2017-05-19,100.51372678937592,25.130972506533027,174.8035667665593,100.51372678937592,100.51372678937592,-0.8780983364279208,-0.8780983364279208,-0.8780983364279208,-0.8780983364279208,-0.8780983364279208,-0.8780983364279208,0.0,0.0,0.0,99.635628452948
2017-05-20,100.9735580927762,-8.985923627669479,135.07599941775675,100.9735580927762,100.9735580927762,-36.760617583341435,-36.760617583341435,-36.760617583341435,-36.760617583341435,-36.760617583341435,-36.760617583341435,0.0,0.0,0.0,64.21294050943476
2017-05-21,101.43338939617647,2.4655175901726727,153.98545688500565,101.43338939617647,101.43338939617647,-24.622896456072358,-24.622896456072358,-24.622896456072358,-24.622896456072358,-24.622896456072358,-24.622896456072358,0.0,0.0,0.0,76.81049294010411
2017-05-22,101.89322069957674,44.94248447242547,196.30579509262154,101.89322069957674,101.89322069957674,21.636488223401535,21.636488223401535,21.636488223401535,21.636488223401535,21.636488223401535,21.636488223401535,0.0,0.0,0.0,123.52970892297827
2017-05-23,102.35305200297701,47.50923619197621,196.532448813459,102.35305200297701,102.35305200297701,19.32097571962326,19.32097571962326,19.32097571962326,19.32097571962326,19.32097571962326,19.32097571962326,0.0,0.0,0.0,121.67402772260027
2017-05-24,102.81288330637729,42.50424544023807,192.7792186507248,102.81288330637729,102.81288330637729,14.139579247711758,14.139579247711758,14.139579247711758,14.139579247711758,14.139579247711758,14.139579247711758,0.0,0.0,0.0,116.95246255408904
2017-05-25,103.27271460977757,33.510048094693296,179.66213581661,103.27271460977757,103.27271460977757,7.1645691849967035,7.1645691849967035,7.1645691849967035,7.1645691849967035,7.1645691849967035,7.1645691849967035,0.0,0.0,0.0,110.43728379477427
2017-05-26,103.73254591317783,26.73623449009254,180.38255602854176,103.73254591317783,103.73254591317783,-0.8780983364204294,-0.8780983364204294,-0.8780983364204294,-0.8780983364204294,-0.8780983364204294,-0.8780983364204294,0.0,0.0,0.0,102.8544475767574
2017-05-27,104.1923772165781,-9.326978369348774,140.5997103212599,104.1923772165781,104.1923772165781,-36.76061758334665,-36.76061758334665,-36.76061758334665,-36.76061758334665,-36.76061758334665,-36.76061758334665,0.0,0.0,0.0,67.43175963323145
2017-05-28,104.65220851997839,2.534273899013265,153.9683808415028,104.65220851997839,104.65220851997839,-24.62289645605106,-24.62289645605106,-24.62289645605106,-24.62289645605106,-24.62289645605106,-24.62289645605106,0.0,0.0,0.0,80.02931206392734
2017-05-29,105.11203982337864,51.32859862983249,204.9123413103517,105.11203982337864,105.11203982337864,21.63648822342961,21.63648822342961,21.63648822342961,21.63648822342961,21.63648822342961,21.63648822342961,0.0,0.0,0.0,126.74852804680825
2017-05-30,105.57187112677892,47.019643931219235,197.38152710519495,105.57187112677892,105.57187112677892,19.320975719623426,19.320975719623426,19.320975719623426,19.320975719623426,19.320975719623426,19.320975719623426,0.0,0.0,0.0,124.89284684640234
2017-05-31,106.03170243017921,44.681211022272095,195.23214146874486,106.03170243017921,106.03170243017921,14.139579247719809,14.139579247719809,14.139579247719809,14.139579247719809,14.139579247719809,14.139579247719809,0.0,0.0,0.0,120.17128167789902
2017-06-01,106.49153372464203,28.76288889584795,193.33697859910612,106.49153372464203,106.49153372464203,7.164569185001367,7.164569185001367,7.164569185001367,7.164569185001367,7.164569185001367,7.164569185001367,0.0,0.0,0.0,113.6561029096434
2017-06-02,106.95136501910484,23.579148323043913,179.62099125540578,106.95136501910484,106.95136501910484,-0.8780983364226689,-0.8780983364226689,-0.8780983364226689,-0.8780983364226689,-0.8780983364226689,-0.8780983364226689,0.0,0.0,0.0,106.07326668268217
2017-06-03,107.41119631356767,-3.438734076630193,141.94758391313357,107.41119631356767,107.41119631356767,-36.76061758328147,-36.76061758328147,-36.76061758328147,-36.76061758328147,-36.76061758328147,-36.76061758328147,0.0,0.0,0.0,70.6505787302862
2017-06-04,107.87102760803047,11.047142138478776,158.56182068110877,107.87102760803047,107.87102760803047,-24.62289645602977,-24.62289645602977,-24.62289645602977,-24.62289645602977,-24.62289645602977,-24.62289645602977,0.0,0.0,0.0,83.2481311520007
2017-06-05,108.3308589024933,55.17082759514052,209.56557740219904,108.3308589024933,108.3308589024933,21.63648822337038,21.63648822337038,21.63648822337038,21.63648822337038,21.63648822337038,21.63648822337038,0.0,0.0,0.0,129.96734712586368
2017-06-06,108.79069019695612,54.730083049380845,208.70619290516788,108.79069019695612,108.79069019695612,19.320975719624943,19.320975719624943,19.320975719624943,19.320975719624943,19.320975719624943,19.320975719624943,0.0,0.0,0.0,128.11166591658107
2017-06-07,109.25052149141895,42.920439770906356,202.35177342628742,109.25052149141895,109.25052149141895,14.139579247714408,14.139579247714408,14.139579247714408,14.139579247714408,14.139579247714408,14.139579247714408,0.0,0.0,0.0,123.39010073913336
2017-06-08,109.71035278588175,34.01270354062454,185.36835120845996,109.71035278588175,109.71035278588175,7.164569185006031,7.164569185006031,7.164569185006031,7.164569185006031,7.164569185006031,7.164569185006031,0.0,0.0,0.0,116.87492197088778
2017-06-09,110.17018408034458,26.00349035688703,184.88973352985153,110.17018408034458,110.17018408034458,-0.8780983364529864,-0.8780983364529864,-0.8780983364529864,-0.8780983364529864,-0.8780983364529864,-0.8780983364529864,0.0,0.0,0.0,109.29208574389159
2017-06-10,110.6300153748074,-2.04613561694152,147.79045018846713,110.6300153748074,110.6300153748074,-36.76061758328518,-36.76061758328518,-36.76061758328518,-36.76061758328518,-36.76061758328518,-36.76061758328518,0.0,0.0,0.0,73.86939779152222
2017-06-11,111.08984666927022,9.54213142332705,158.92362018953608,111.08984666927022,111.08984666927022,-24.622896456054434,-24.622896456054434,-24.622896456054434,-24.622896456054434,-24.622896456054434,-24.622896456054434,0.0,0.0,0.0,86.46695021321578
2017-06-12,111.54967796373303,57.977685899469286,206.98776361622856,111.54967796373303,111.54967796373303,21.63648822339845,21.63648822339845,21.63648822339845,21.63648822339845,21.63648822339845,21.63648822339845,0.0,0.0,0.0,133.18616618713148
2017-06-13,112.00950925819586,49.56400782539704,205.32990740702738,112.00950925819586,112.00950925819586,19.320975719625107,19.320975719625107,19.320975719625107,19.320975719625107,19.320975719625107,19.320975719625107,0.0,0.0,0.0,131.33048497782096
2017-06-14,112.46934055265865,52.250762674790955,200.17163134483766,112.46934055265865,112.46934055265865,14.139579247711069,14.139579247711069,14.139579247711069,14.139579247711069,14.139579247711069,14.139579247711069,0.0,0.0,0.0,126.60891980036972
2017-06-15,112.92917184712148,48.900155330402164,194.67541260547532,112.92917184712148,112.92917184712148,7.164569185010697,7.164569185010697,7.164569185010697,7.164569185010697,7.164569185010697,7.164569185010697,0.0,0.0,0.0,120.09374103213217
2017-06-16,113.3890031415843,41.01626405430567,192.11645584688293,113.3890031415843,113.3890031415843,-0.8780983363893484,-0.8780983363893484,-0.8780983363893484,-0.8780983363893484,-0.8780983363893484,-0.8780983363893484,0.0,0.0,0.0,112.51090480519495
2017-06-17,113.84883443604713,-0.22239845666388747,150.27536081379037,113.84883443604713,113.84883443604713,-36.7606175832904,-36.7606175832904,-36.7606175832904,-36.7606175832904,-36.7606175832904,-36.7606175832904,0.0,0.0,0.0,77.08821685275673
2017-06-18,114.30866573050993,14.921691013692007,166.1652443526554,114.30866573050993,114.30866573050993,-24.622896456067117,-24.622896456067117,-24.622896456067117,-24.622896456067117,-24.622896456067117,-24.622896456067117,0.0,0.0,0.0,89.6857692744428
2017-06-19,114.76849702497276,50.014685448825595,215.1839389835418,114.76849702497276,114.76849702497276,21.636488223426518,21.636488223426518,21.636488223426518,21.636488223426518,21.636488223426518,21.636488223426518,0.0,0.0,0.0,136.40498524839927
2017-06-20,115.22832831943556,56.790818097352265,210.86123153336672,115.22832831943556,115.22832831943556,19.320975719626627,19.320975719626627,19.320975719626627,19.320975719626627,19.320975719626627,19.320975719626627,0.0,0.0,0.0,134.54930403906218
2017-06-21,115.68818125696474,53.51492151981022,205.59265922125655,115.68818125696474,115.68818125696474,14.139579247719116,14.139579247719116,14.139579247719116,14.139579247719116,14.139579247719116,14.139579247719116,0.0,0.0,0.0,129.82776050468385
2017-06-22,116.14803419449389,50.039536105358366,201.3731371040083,116.14803419449389,116.14803419449389,7.1645691849964885,7.1645691849964885,7.1645691849964885,7.1645691849964885,7.1645691849964885,7.1645691849964885,0.0,0.0,0.0,123.31260337949038
2017-06-23,116.60788713202308,39.75578168488266,199.9177217686868,116.60788713202308,116.60788713202308,-0.8780983364196654,-0.8780983364196654,-0.8780983364196654,-0.8780983364196654,-0.8780983364196654,-0.8780983364196654,0.0,0.0,0.0,115.72978879560341
2017-06-24,117.06774006955223,4.5663874825747985,155.31177668200533,117.06774006955223,117.06774006955223,-36.760617583330045,-36.760617583330045,-36.760617583330045,-36.760617583330045,-36.760617583330045,-36.760617583330045,0.0,0.0,0.0,80.30712248622218
2017-06-25,117.5275930070814,21.19828419029932,173.27629137857764,117.5275930070814,117.5275930070814,-24.622896456011844,-24.622896456011844,-24.622896456011844,-24.622896456011844,-24.622896456011844,-24.622896456011844,0.0,0.0,0.0,92.90469655106956
2017-06-26,117.98744594461056,67.13452859755496,216.38598633248245,117.98744594461056,117.98744594461056,21.63648822345459,21.63648822345459,21.63648822345459,21.63648822345459,21.63648822345459,21.63648822345459,0.0,0.0,0.0,139.62393416806515
2017-06-27,118.44729888213973,60.71922049115526,216.3711026312306,118.44729888213973,118.44729888213973,19.32097571965674,19.32097571965674,19.32097571965674,19.32097571965674,19.32097571965674,19.32097571965674,0.0,0.0,0.0,137.76827460179646
2017-06-28,118.90715181966891,56.5066200672721,211.99036036533838,118.90715181966891,118.90715181966891,14.139579247714748,14.139579247714748,14.139579247714748,14.139579247714748,14.139579247714748,14.139579247714748,0.0,0.0,0.0,133.04673106738366
2017-06-29,119.36700475719807,52.1266694747318,201.92855666921255,119.36700475719807,119.36700475719807,7.164569185017305,7.164569185017305,7.164569185017305,7.164569185017305,7.164569185017305,7.164569185017305,0.0,0.0,0.0,126.53157394221537
2017-06-30,119.82685769472724,42.42582537915604,190.72163879843032,119.82685769472724,119.82685769472724,-0.8780983364499769,-0.8780983364499769,-0.8780983364499769,-0.8780983364499769,-0.8780983364499769,-0.8780983364499769,0.0,0.0,0.0,118.94875935827726
2017-07-01,120.2867106322564,5.406530135886524,157.2577729710495,120.2867106322564,120.2867106322564,-36.76061758330082,-36.76061758330082,-36.76061758330082,-36.76061758330082,-36.76061758330082,-36.76061758330082,0.0,0.0,0.0,83.52609304895557
2017-07-02,120.74656356978556,20.09448063792706,177.8446598811685,120.74656356978556,120.74656356978556,-24.622896456036507,-24.622896456036507,-24.622896456036507,-24.622896456036507,-24.622896456036507,-24.622896456036507,0.0,0.0,0.0,96.12366711374906
2017-07-03,121.20641650731473,65.43347287018578,219.6841973083924,121.20641650731473,121.20641650731473,21.636488223395368,21.636488223395368,21.636488223395368,21.636488223395368,21.636488223395368,21.636488223395368,0.0,0.0,0.0,142.8429047307101
2017-07-04,121.6662694448439,70.12236042465702,220.5355060619133,121.6662694448439,121.6662694448439,19.32097571964261,19.32097571964261,19.32097571964261,19.32097571964261,19.32097571964261,19.32097571964261,0.0,0.0,0.0,140.98724516448652
2017-07-05,122.12612238237307,58.259317225315996,209.63114197797378,122.12612238237307,122.12612238237307,14.139579247711406,14.139579247711406,14.139579247711406,14.139579247711406,14.139579247711406,14.139579247711406,0.0,0.0,0.0,136.26570163008446
2017-07-06,122.58597531990223,52.59392889208177,203.481031536005,122.58597531990223,122.58597531990223,7.164569185005818,7.164569185005818,7.164569185005818,7.164569185005818,7.164569185005818,7.164569185005818,0.0,0.0,0.0,129.75054450490805
2017-07-07,123.04582825743141,50.3961445628898,197.0432888283789,123.04582825743141,123.04582825743141,-0.8780983363766053,-0.8780983363766053,-0.8780983363766053,-0.8780983363766053,-0.8780983363766053,-0.8780983363766053,0.0,0.0,0.0,122.1677299210548
2017-07-08,123.50568119496056,8.133989629815094,162.8436777720992,123.50568119496056,123.50568119496056,-36.76061758330453,-36.76061758330453,-36.76061758330453,-36.76061758330453,-36.76061758330453,-36.76061758330453,0.0,0.0,0.0,86.74506361165604
2017-07-09,123.96553413248976,23.092656257501552,173.79410820692084,123.96553413248976,123.96553413248976,-24.622896456015212,-24.622896456015212,-24.622896456015212,-24.622896456015212,-24.622896456015212,-24.622896456015212,0.0,0.0,0.0,99.34263767647455
2017-07-10,124.42609472719283,75.34191056239644,221.00626799842053,124.42609472719283,124.42609472719283,21.63648822345023,21.63648822345023,21.63648822345023,21.63648822345023,21.63648822345023,21.63648822345023,0.0,0.0,0.0,146.06258295064305
2017-07-11,124.88665532189593,67.60857637346378,221.8477679294453,124.88665532189593,124.88665532189593,19.320975719628485,19.320975719628485,19.320975719628485,19.320975719628485,19.320975719628485,19.320975719628485,0.0,0.0,0.0,144.20763104152442
2017-07-12,125.34721591659898,64.48649935985,221.11011902807184,125.34721591659898,125.34721591659898,14.139579247706008,14.139579247706008,14.139579247706008,14.139579247706008,14.139579247706008,14.139579247706008,0.0,0.0,0.0,139.486795164305
2017-07-13,125.80777651130208,55.31577156722773,208.05735202468165,125.80777651130208,125.80777651130208,7.164569184991612,7.164569184991612,7.164569184991612,7.164569184991612,7.164569184991612,7.164569184991612,0.0,0.0,0.0,132.9723456962937
2017-07-14,126.26833710600515,49.95164965671213,200.23627331459198,126.26833710600515,126.26833710600515,-0.8780983363788486,-0.8780983363788486,-0.8780983363788486,-0.8780983363788486,-0.8780983363788486,-0.8780983363788486,0.0,0.0,0.0,125.3902387696263
2017-07-15,126.72889770070825,16.913844555237127,161.33311855383633,126.72889770070825,126.72889770070825,-36.760617583309745,-36.760617583309745,-36.760617583309745,-36.760617583309745,-36.760617583309745,-36.760617583309745,0.0,0.0,0.0,89.9682801173985
2017-07-16,127.18945829541131,28.691680981464383,182.13277398795202,127.18945829541131,127.18945829541131,-24.622896455959943,-24.622896455959943,-24.622896455959943,-24.622896455959943,-24.622896455959943,-24.622896455959943,0.0,0.0,0.0,102.56656183945137
2017-07-17,127.6500188901144,76.31304972899574,226.31506952531885,127.6500188901144,127.6500188901144,21.636488223391005,21.636488223391005,21.636488223391005,21.636488223391005,21.636488223391005,21.636488223391005,0.0,0.0,0.0,149.2865071135054
2017-07-18,128.11057948481746,72.19770988868446,222.06823295179544,128.11057948481746,128.11057948481746,19.3209757196443,19.3209757196443,19.3209757196443,19.3209757196443,19.3209757196443,19.3209757196443,0.0,0.0,0.0,147.43155520446177
2017-07-19,128.57114007952055,64.80693473622117,220.15591406718212,128.57114007952055,128.57114007952055,14.13957924771405,14.13957924771405,14.13957924771405,14.13957924771405,14.13957924771405,14.13957924771405,0.0,0.0,0.0,142.71071932723459
2017-07-20,129.03170067422363,61.875988740258144,211.9557929043781,129.03170067422363,129.03170067422363,7.164569184996276,7.164569184996276,7.164569184996276,7.164569184996276,7.164569184996276,7.164569184996276,0.0,0.0,0.0,136.1962698592199
2017-07-21,129.4922612689267,49.971879354728934,200.99360174108241,129.4922612689267,129.4922612689267,-0.8780983364091617,-0.8780983364091617,-0.8780983364091617,-0.8780983364091617,-0.8780983364091617,-0.8780983364091617,0.0,0.0,0.0,128.61416293251756
2017-07-22,129.95282186362977,20.00179848089061,169.8568029375368,129.95282186362977,129.95282186362977,-36.76061758331496,-36.76061758331496,-36.76061758331496,-36.76061758331496,-36.76061758331496,-36.76061758331496,0.0,0.0,0.0,93.1922042803148
2017-07-23,130.41338245833288,29.875293905029675,182.55614523805025,130.41338245833288,130.41338245833288,-24.622896455972633,-24.622896455972633,-24.622896455972633,-24.622896455972633,-24.622896455972633,-24.622896455972633,0.0,0.0,0.0,105.79048600236024
2017-07-24,130.87394305303593,78.33646585443383,233.6585360807604,130.87394305303593,130.87394305303593,21.636488223385367,21.636488223385367,21.636488223385367,21.636488223385367,21.636488223385367,21.636488223385367,0.0,0.0,0.0,152.5104312764213
2017-07-25,131.33450364773904,70.84418734688921,225.2152672700012,131.33450364773904,131.33450364773904,19.32097571964447,19.32097571964447,19.32097571964447,19.32097571964447,19.32097571964447,19.32097571964447,0.0,0.0,0.0,150.65547936738352
2017-07-26,131.7950642424421,73.43367753654579,223.32653497369742,131.7950642424421,131.7950642424421,14.139579247709683,14.139579247709683,14.139579247709683,14.139579247709683,14.139579247709683,14.139579247709683,0.0,0.0,0.0,145.93464349015179
2017-07-27,132.2556248371452,72.50674187452249,214.18876615865884,132.2556248371452,132.2556248371452,7.164569184984789,7.164569184984789,7.164569184984789,7.164569184984789,7.164569184984789,7.164569184984789,0.0,0.0,0.0,139.42019402213
2017-07-28,132.71618543184826,58.77110043144461,208.57410645136994,132.71618543184826,132.71618543184826,-0.8780983364114001,-0.8780983364114001,-0.8780983364114001,-0.8780983364114001,-0.8780983364114001,-0.8780983364114001,0.0,0.0,0.0,131.83808709543686
2017-07-29,133.17674602655134,24.134671806708877,172.65511873004826,133.17674602655134,133.17674602655134,-36.76061758328423,-36.76061758328423,-36.76061758328423,-36.76061758328423,-36.76061758328423,-36.76061758328423,0.0,0.0,0.0,96.41612844326711
2017-07-30,133.64722892412397,30.519258213014428,186.86376189032092,133.64722892412397,133.64722892412397,-24.62289645599729,-24.62289645599729,-24.62289645599729,-24.62289645599729,-24.62289645599729,-24.62289645599729,0.0,0.0,0.0,109.02433246812667
2017-07-31,134.11771182169664,75.78457455393038,230.50373819127304,134.11771182169664,134.11771182169664,21.636488223386646,21.636488223386646,21.636488223386646,21.636488223386646,21.636488223386646,21.636488223386646,0.0,0.0,0.0,155.75420004508328
2017-08-01,134.58819471926927,75.07135307528574,228.00872816711427,134.58819471926927,134.58819471926927,19.32097571963034,19.32097571963034,19.32097571963034,19.32097571963034,19.32097571963034,19.32097571963034,0.0,0.0,0.0,153.9091704388996
2017-08-02,135.05867761684192,72.47653246170208,226.59285098948806,135.05867761684192,135.05867761684192,14.139579247705315,14.139579247705315,14.139579247705315,14.139579247705315,14.139579247705315,14.139579247705315,0.0,0.0,0.0,149.19825686454723
2017-08-03,135.52916051441457,66.22048163371954,218.88096275201246,135.52916051441457,135.52916051441457,7.164569185016318,7.164569185016318,7.164569185016318,7.164569185016318,7.164569185016318,7.164569185016318,0.0,0.0,0.0,142.6937296994309
2017-08-04,135.99964341198722,57.79374155697396,215.9140997553387,135.99964341198722,135.99964341198722,-0.8780983364039138,-0.8780983364039138,-0.8780983364039138,-0.8780983364039138,-0.8780983364039138,-0.8780983364039138,0.0,0.0,0.0,135.1215450755833
2017-08-05,136.47012630955984,24.907424173907977,182.91905835177317,136.47012630955984,136.47012630955984,-36.76061758332388,-36.76061758332388,-36.76061758332388,-36.76061758332388,-36.76061758332388,-36.76061758332388,0.0,0.0,0.0,99.70950872623597
2017-08-06,136.9406092071325,34.790411690375734,182.98867058825292,136.9406092071325,136.9406092071325,-24.622896455975994,-24.622896455975994,-24.622896455975994,-24.622896455975994,-24.622896455975994,-24.622896455975994,0.0,0.0,0.0,112.3177127511565
2017-08-07,137.41109210470512,78.90343609657201,230.45736126208615,137.41109210470512,137.41109210470512,21.63648822338792,21.63648822338792,21.63648822338792,21.63648822338792,21.63648822338792,21.63648822338792,0.0,0.0,0.0,159.04758032809303
2017-08-08,137.88157500227777,76.979443526695,230.90245177463837,137.88157500227777,137.88157500227777,19.320975719630514,19.320975719630514,19.320975719630514,19.320975719630514,19.320975719630514,19.320975719630514,0.0,0.0,0.0,157.2025507219083
2017-08-09,138.35205789985042,75.19311024162563,230.01535371972273,138.35205789985042,138.35205789985042,14.13957924771233,14.13957924771233,14.13957924771233,14.13957924771233,14.13957924771233,14.13957924771233,0.0,0.0,0.0,152.49163714756276
2017-08-10,138.82254079742307,70.21347230840878,222.89514579776838,138.82254079742307,138.82254079742307,7.164569185004831,7.164569185004831,7.164569185004831,7.164569185004831,7.164569185004831,7.164569185004831,0.0,0.0,0.0,145.9871099824279
2017-08-11,139.29302369499572,64.95396801225067,211.84538093535318,139.29302369499572,139.29302369499572,-0.8780983364061522,-0.8780983364061522,-0.8780983364061522,-0.8780983364061522,-0.8780983364061522,-0.8780983364061522,0.0,0.0,0.0,138.41492535858958
2017-08-12,139.76350659256838,25.162772246492032,181.64640887408868,139.76350659256838,139.76350659256838,-36.76061758332909,-36.76061758332909,-36.76061758332909,-36.76061758332909,-36.76061758332909,-36.76061758332909,0.0,0.0,0.0,103.00288900923928
2017-08-13,140.233989490141,43.023375091512754,195.8633087447565,140.233989490141,140.233989490141,-24.622896455954706,-24.622896455954706,-24.622896455954706,-24.622896455954706,-24.622896455954706,-24.622896455954706,0.0,0.0,0.0,115.6110930341863
2017-08-14,140.70447238771368,85.7117367343829,234.33832705772113,140.70447238771368,140.70447238771368,21.636488223382283,21.636488223382283,21.636488223382283,21.636488223382283,21.636488223382283,21.636488223382283,0.0,0.0,0.0,162.34096061109597
2017-08-15,141.1749552852863,83.36235044919081,237.53270023707645,141.1749552852863,141.1749552852863,19.32097571963202,19.32097571963202,19.32097571963202,19.32097571963202,19.32097571963202,19.32097571963202,0.0,0.0,0.0,160.49593100491833
2017-08-16,141.64543818285892,81.42300076853098,236.0906786950545,141.64543818285892,141.64543818285892,14.139579247708992,14.139579247708992,14.139579247708992,14.139579247708992,14.139579247708992,14.139579247708992,0.0,0.0,0.0,155.7850174305679
2017-08-17,142.11592108043158,69.11673531333659,223.41773651160082,142.11592108043158,142.11592108043158,7.164569185009494,7.164569185009494,7.164569185009494,7.164569185009494,7.164569185009494,7.164569185009494,0.0,0.0,0.0,149.28049026544107
2017-08-18,142.5986765927825,68.0316039282198,216.39377049735776,142.5986765927825,142.5986765927825,-0.8780983364083912,-0.8780983364083912,-0.8780983364083912,-0.8780983364083912,-0.8780983364083912,-0.8780983364083912,0.0,0.0,0.0,141.72057825637413
2017-08-19,143.0814321051334,30.511288141085263,177.63596581182168,143.0814321051334,143.0814321051334,-36.760617583368735,-36.760617583368735,-36.760617583368735,-36.760617583368735,-36.760617583368735,-36.760617583368735,0.0,0.0,0.0,106.32081452176465
2017-08-20,143.56418761748432,39.98584076595521,191.20457566809273,143.56418761748432,143.56418761748432,-24.622896456093287,-24.622896456093287,-24.622896456093287,-24.622896456093287,-24.622896456093287,-24.622896456093287,0.0,0.0,0.0,118.94129116139104
2017-08-21,144.04694312983523,91.28316722731404,238.52594052572167,144.04694312983523,144.04694312983523,21.63648822338356,21.63648822338356,21.63648822338356,21.63648822338356,21.63648822338356,21.63648822338356,0.0,0.0,0.0,165.6834313532188
2017-08-22,144.5296986421861,85.2946876459862,241.7731175410726,144.5296986421861,144.5296986421861,19.320975719632195,19.320975719632195,19.320975719632195,19.320975719632195,19.320975719632195,19.320975719632195,0.0,0.0,0.0,163.8506743618183
2017-08-23,145.012454154537,89.40172738126763,233.5362141984326,145.012454154537,145.012454154537,14.139579247704626,14.139579247704626,14.139579247704626,14.139579247704626,14.139579247704626,14.139579247704626,0.0,0.0,0.0,159.15203340224164
2017-08-24,145.49520966688792,73.90191188761492,230.81447810764718,145.49520966688792,145.49520966688792,7.164569184998006,7.164569184998006,7.164569184998006,7.164569184998006,7.164569184998006,7.164569184998006,0.0,0.0,0.0,152.65977885188593
2017-08-25,145.97796517923882,71.71316070631704,221.51311313279692,145.97796517923882,145.97796517923882,-0.8780983364009003,-0.8780983364009003,-0.8780983364009003,-0.8780983364009003,-0.8780983364009003,-0.8780983364009003,0.0,0.0,0.0,145.0998668428379
2017-08-26,146.46072069158976,35.31018004421944,184.9788081989266,146.46072069158976,146.46072069158976,-36.76061758330358,-36.76061758330358,-36.76061758330358,-36.76061758330358,-36.76061758330358,-36.76061758330358,0.0,0.0,0.0,109.70010310828619
2017-08-27,146.94347620394066,48.861182289352605,196.04934721090407,146.94347620394066,146.94347620394066,-24.62289645607199,-24.62289645607199,-24.62289645607199,-24.62289645607199,-24.62289645607199,-24.62289645607199,0.0,0.0,0.0,122.32057974786866
2017-08-28,147.42623171629157,92.79410490677242,244.07338470628164,147.42623171629157,147.42623171629157,21.63648822341163,21.63648822341163,21.63648822341163,21.63648822341163,21.63648822341163,21.63648822341163,0.0,0.0,0.0,169.0627199397032
2017-08-29,147.90898722864247,80.64867853799056,239.10568798943817,147.90898722864247,147.90898722864247,19.32097571963236,19.32097571963236,19.32097571963236,19.32097571963236,19.32097571963236,19.32097571963236,0.0,0.0,0.0,167.22996294827485
2017-08-30,148.39174274099335,90.77125574472596,242.63166946388668,148.39174274099335,148.39174274099335,14.139579247701285,14.139579247701285,14.139579247701285,14.139579247701285,14.139579247701285,14.139579247701285,0.0,0.0,0.0,162.53132198869463
2017-08-31,148.87449825334426,80.26202823712609,237.15526877311316,148.87449825334426,148.87449825334426,7.164569184999952,7.164569184999952,7.164569184999952,7.164569184999952,7.164569184999952,7.164569184999952,0.0,0.0,0.0,156.0390674383442
2017-09-01,149.35725376569516,74.22930000474771,215.88486759490993,149.35725376569516,149.35725376569516,-0.8780983364031437,-0.8780983364031437,-0.8780983364031437,-0.8780983364031437,-0.8780983364031437,-0.8780983364031437,0.0,0.0,0.0,148.479155429292
2017-09-02,149.84000927804607,38.27818543072341,181.68370714619763,149.84000927804607,149.84000927804607,-36.76061758334323,-36.76061758334323,-36.76061758334323,-36.76061758334323,-36.76061758334323,-36.76061758334323,0.0,0.0,0.0,113.07939169470284
2017-09-03,150.32276479039695,51.222773792617446,201.9166583750428,150.32276479039695,150.32276479039695,-24.622896456050697,-24.622896456050697,-24.622896456050697,-24.622896456050697,-24.622896456050697,-24.622896456050697,0.0,0.0,0.0,125.69986833434625
2017-09-04,150.80552030274785,98.5495806271982,249.89938503055154,150.80552030274785,150.80552030274785,21.63648822341291,21.63648822341291,21.63648822341291,21.63648822341291,21.63648822341291,21.63648822341291,0.0,0.0,0.0,172.44200852616075
2017-09-05,151.2882758150988,97.33482769300046,246.58060752024267,151.2882758150988,151.2882758150988,19.32097571963388,19.32097571963388,19.32097571963388,19.32097571963388,19.32097571963388,19.32097571963388,0.0,0.0,0.0,170.6092515347327
2017-09-06,151.7710313274497,88.31605674378751,244.25243962744685,151.7710313274497,151.7710313274497,14.139579247717624,14.139579247717624,14.139579247717624,14.139579247717624,14.139579247717624,14.139579247717624,0.0,0.0,0.0,165.9106105751673
2017-09-07,152.26264871398322,78.39737604112175,228.19677302683587,152.26264871398322,152.26264871398322,7.164569185004616,7.164569185004616,7.164569185004616,7.164569185004616,7.164569185004616,7.164569185004616,0.0,0.0,0.0,159.42721789898783
2017-09-08,152.75426610051673,78.209865577496,226.6214121713096,152.75426610051673,152.75426610051673,-0.8780983364334567,-0.8780983364334567,-0.8780983364334567,-0.8780983364334567,-0.8780983364334567,-0.8780983364334567,0.0,0.0,0.0,151.87616776408328
2017-09-09,153.24588348705024,37.11863724001014,195.4683230886733,153.24588348705024,153.24588348705024,-36.76061758338288,-36.76061758338288,-36.76061758338288,-36.76061758338288,-36.76061758338288,-36.76061758338288,0.0,0.0,0.0,116.48526590366735
2017-09-10,153.73750087358377,53.22674186503725,206.46701598555262,153.73750087358377,153.73750087358377,-24.622896456075363,-24.622896456075363,-24.622896456075363,-24.622896456075363,-24.622896456075363,-24.622896456075363,0.0,0.0,0.0,129.11460441750842
2017-09-11,154.22911826011727,101.92787983757901,248.12591208502818,154.22911826011727,154.22911826011727,21.636488223380482,21.636488223380482,21.636488223380482,21.636488223380482,21.636488223380482,21.636488223380482,0.0,0.0,0.0,175.86560648349774
2017-09-12,154.72073564665078,100.43565970397668,248.73364180878755,154.72073564665078,154.72073564665078,19.32097571963405,19.32097571963405,19.32097571963405,19.32097571963405,19.32097571963405,19.32097571963405,0.0,0.0,0.0,174.04171136628483
2017-09-13,155.2123530331843,93.82763335257408,247.48148809619357,155.2123530331843,155.2123530331843,14.13957924771429,14.13957924771429,14.13957924771429,14.13957924771429,14.13957924771429,14.13957924771429,0.0,0.0,0.0,169.3519322808986
2017-09-14,155.70397041971782,91.02905721580694,240.25994049379642,155.70397041971782,155.70397041971782,7.164569185009279,7.164569185009279,7.164569185009279,7.164569185009279,7.164569185009279,7.164569185009279,0.0,0.0,0.0,162.8685396047271
2017-09-15,156.19558780625132,76.35347288148012,227.82176574124486,156.19558780625132,156.19558780625132,-0.8780983364356981,-0.8780983364356981,-0.8780983364356981,-0.8780983364356981,-0.8780983364356981,-0.8780983364356981,0.0,0.0,0.0,155.31748946981563
2017-09-16,156.68720519278486,43.74068311392678,193.46204298487825,156.68720519278486,156.68720519278486,-36.760617583281764,-36.760617583281764,-36.760617583281764,-36.760617583281764,-36.760617583281764,-36.760617583281764,0.0,0.0,0.0,119.92658760950309
2017-09-17,157.17882257931834,57.027058243336526,207.10849443573886,157.17882257931834,157.17882257931834,-24.622896456088046,-24.622896456088046,-24.622896456088046,-24.622896456088046,-24.622896456088046,-24.622896456088046,0.0,0.0,0.0,132.55592612323028
2017-09-18,157.67043996585187,100.47033522874521,256.30657340740333,157.67043996585187,157.67043996585187,21.636488223408545,21.636488223408545,21.636488223408545,21.636488223408545,21.636488223408545,21.636488223408545,0.0,0.0,0.0,179.30692818926042
2017-09-19,158.1620573523854,103.79563390204314,250.9130666864098,158.1620573523854,158.1620573523854,19.32097571961992,19.32097571961992,19.32097571961992,19.32097571961992,19.32097571961992,19.32097571961992,0.0,0.0,0.0,177.48303307200533
2017-09-20,158.6536747389189,101.27203665437197,249.45755989241195,158.6536747389189,158.6536747389189,14.13957924770992,14.13957924770992,14.13957924770992,14.13957924770992,14.13957924770992,14.13957924770992,0.0,0.0,0.0,172.79325398662883
2017-09-21,159.1452921254524,86.494753997201,241.2247321920437,159.1452921254524,159.1452921254524,7.164569184995074,7.164569184995074,7.164569184995074,7.164569184995074,7.164569184995074,7.164569184995074,0.0,0.0,0.0,166.30986131044745
2017-09-22,159.63690951198595,86.3420706999717,237.38389589531542,159.63690951198595,159.63690951198595,-0.8780983364001352,-0.8780983364001352,-0.8780983364001352,-0.8780983364001352,-0.8780983364001352,-0.8780983364001352,0.0,0.0,0.0,158.7588111755858
2017-09-23,160.12852689851945,49.8976023157492,198.65491468932996,160.12852689851945,160.12852689851945,-36.76061758332141,-36.76061758332141,-36.76061758332141,-36.76061758332141,-36.76061758332141,-36.76061758332141,0.0,0.0,0.0,123.36790931519803
2017-09-24,160.62014428505296,58.734438931638046,214.40905423765454,160.62014428505296,160.62014428505296,-24.622896456032773,-24.622896456032773,-24.622896456032773,-24.622896456032773,-24.622896456032773,-24.622896456032773,0.0,0.0,0.0,135.99724782902018
2017-09-25,161.11176167158646,114.76951057750239,253.21673626130894,161.11176167158646,161.11176167158646,21.636488223436615,21.636488223436615,21.636488223436615,21.636488223436615,21.636488223436615,21.636488223436615,0.0,0.0,0.0,182.7482498950231
2017-09-26,161.60373368777303,100.19869035244169,257.22621578185436,161.60373368777303,161.60373368777303,19.320975719620094,19.320975719620094,19.320975719620094,19.320975719620094,19.320975719620094,19.320975719620094,0.0,0.0,0.0,180.92470940739312
2017-09-27,162.09570570395962,93.50451042195547,251.3389442952802,162.09570570395962,162.09570570395962,14.139579247717966,14.139579247717966,14.139579247717966,14.139579247717966,14.139579247717966,14.139579247717966,0.0,0.0,0.0,176.23528495167758
2017-09-28,162.58767772014616,91.65209492235269,246.8760254782123,162.58767772014616,162.58767772014616,7.164569185015888,7.164569185015888,7.164569185015888,7.164569185015888,7.164569185015888,7.164569185015888,0.0,0.0,0.0,169.75224690516205
2017-09-29,163.07964973633273,84.63195435160773,241.9776516502555,163.07964973633273,163.07964973633273,-0.8780983364304468,-0.8780983364304468,-0.8780983364304468,-0.8780983364304468,-0.8780983364304468,-0.8780983364304468,0.0,0.0,0.0,162.20155139990229
2017-09-30,163.57162175251926,54.34414375137542,202.407769569472,163.57162175251926,163.57162175251926,-36.76061758329219,-36.76061758329219,-36.76061758329219,-36.76061758329219,-36.76061758329219,-36.76061758329219,0.0,0.0,0.0,126.81100416922708
2017-10-01,164.06359376870583,65.21615975781411,218.27442964963936,164.06359376870583,164.06359376870583,-24.62289645601148,-24.62289645601148,-24.62289645601148,-24.62289645601148,-24.62289645601148,-24.62289645601148,0.0,0.0,0.0,139.44069731269434
2017-10-02,164.5555657848924,113.58003926433386,260.56855930559357,164.5555657848924,164.5555657848924,21.636488223377395,21.636488223377395,21.636488223377395,21.636488223377395,21.636488223377395,21.636488223377395,0.0,0.0,0.0,186.1920540082698
2017-10-03,165.04753780107893,105.40168304684566,261.3018867531462,165.04753780107893,165.04753780107893,19.320975719651553,19.320975719651553,19.320975719651553,19.320975719651553,19.320975719651553,19.320975719651553,0.0,0.0,0.0,184.3685135207305
2017-10-04,165.53950981726553,100.97664796400124,260.1611979415814,165.53950981726553,165.53950981726553,14.139579247714623,14.139579247714623,14.139579247714623,14.139579247714623,14.139579247714623,14.139579247714623,0.0,0.0,0.0,179.67908906498016
2017-10-05,166.03148183345206,97.46348719717265,250.71386121925784,166.03148183345206,166.03148183345206,7.164569185004401,7.164569185004401,7.164569185004401,7.164569185004401,7.164569185004401,7.164569185004401,0.0,0.0,0.0,173.19605101845647
2017-10-06,166.52345384963866,87.99016152493562,238.97771847139398,166.52345384963866,166.52345384963866,-0.8780983364607623,-0.8780983364607623,-0.8780983364607623,-0.8780983364607623,-0.8780983364607623,-0.8780983364607623,0.0,0.0,0.0,165.6453555131779
2017-10-07,167.01542586582516,56.0414841478108,206.21280122855427,167.01542586582516,167.01542586582516,-36.7606175832959,-36.7606175832959,-36.7606175832959,-36.7606175832959,-36.7606175832959,-36.7606175832959,0.0,0.0,0.0,130.25480828252927
2017-10-08,167.50739788201173,66.10658160547993,215.3216868983461,167.50739788201173,167.50739788201173,-24.62289645603615,-24.62289645603615,-24.62289645603615,-24.62289645603615,-24.62289645603615,-24.62289645603615,0.0,0.0,0.0,142.88450142597557
2017-10-09,167.99936989819832,118.61975137585382,268.310382810657,167.99936989819832,167.99936989819832,21.63648822343225,21.63648822343225,21.63648822343225,21.63648822343225,21.63648822343225,21.63648822343225,0.0,0.0,0.0,189.63585812163058
2017-10-10,168.49134191438486,112.87671667441587,262.28690041840287,168.49134191438486,168.49134191438486,19.320975719637424,19.320975719637424,19.320975719637424,19.320975719637424,19.320975719637424,19.320975719637424,0.0,0.0,0.0,187.8123176340223
2017-10-11,168.98331393057137,104.08999710435755,264.7778737418454,168.98331393057137,168.98331393057137,14.139579247709227,14.139579247709227,14.139579247709227,14.139579247709227,14.139579247709227,14.139579247709227,0.0,0.0,0.0,183.1228931782806
2017-10-12,169.47528594675796,99.23852445301968,251.31384009992203,169.47528594675796,169.47528594675796,7.164569185009064,7.164569185009064,7.164569185009064,7.164569185009064,7.164569185009064,7.164569185009064,0.0,0.0,0.0,176.63985513176704
2017-10-13,169.96725796294453,92.14475606557271,244.53375319973543,169.96725796294453,169.96725796294453,-0.8780983363971219,-0.8780983363971219,-0.8780983363971219,-0.8780983363971219,-0.8780983363971219,-0.8780983363971219,0.0,0.0,0.0,169.0891596265474
2017-10-14,170.4592299791311,58.19367613515182,209.73901564672877,170.4592299791311,170.4592299791311,-36.76061758330111,-36.76061758330111,-36.76061758330111,-36.76061758330111,-36.76061758330111,-36.76061758330111,0.0,0.0,0.0,133.69861239582997
2017-10-15,170.95120199531763,68.78050338365037,219.89379245809863,170.95120199531763,170.95120199531763,-24.622896455980875,-24.622896455980875,-24.622896455980875,-24.622896455980875,-24.622896455980875,-24.622896455980875,0.0,0.0,0.0,146.32830553933675
2017-10-16,171.44317405016236,115.91702929771454,265.8103199495972,171.44317405016236,171.44317405016236,21.63648822343353,21.63648822343353,21.63648822343353,21.63648822343353,21.63648822343353,21.63648822343353,0.0,0.0,0.0,193.0796622735959
2017-10-17,171.9351461050071,115.4735944459282,271.7369144881382,171.9351461050071,171.9351461050071,19.3209757196233,19.3209757196233,19.3209757196233,19.3209757196233,19.3209757196233,19.3209757196233,0.0,0.0,0.0,191.2561218246304
2017-10-18,172.42711815985183,113.02659092205344,257.13062882179287,172.42711815985183,172.42711815985183,14.139579247717274,14.139579247717274,14.139579247717274,14.139579247717274,14.139579247717274,14.139579247717274,0.0,0.0,0.0,186.5666974075691
2017-10-19,172.91909021469655,104.4628666772345,255.80858028214882,172.91909021469655,172.91909021469655,7.164569184994859,7.164569184994859,7.164569184994859,7.164569184994859,7.164569184994859,7.164569184994859,0.0,0.0,0.0,180.0836593996914
2017-10-20,173.4110622695413,98.59153786751297,249.60503631601924,173.4110622695413,173.4110622695413,-0.8780983363896354,-0.8780983363896354,-0.8780983363896354,-0.8780983363896354,-0.8780983363896354,-0.8780983363896354,0.0,0.0,0.0,172.53296393315168
2017-10-21,173.90303432438606,59.28533574320711,212.10348843887246,173.90303432438606,173.90303432438606,-36.76061758330632,-36.76061758330632,-36.76061758330632,-36.76061758330632,-36.76061758330632,-36.76061758330632,0.0,0.0,0.0,137.14241674107973
2017-10-22,174.39500637923078,76.26369401686094,223.31143004395855,174.39500637923078,174.39500637923078,-24.622896455993555,-24.622896455993555,-24.622896455993555,-24.622896455993555,-24.622896455993555,-24.622896455993555,0.0,0.0,0.0,149.77210992323722
2017-10-23,174.88697843407547,123.00855169309929,277.2482567935749,174.88697843407547,174.88697843407547,21.6364882234616,21.6364882234616,21.6364882234616,21.6364882234616,21.6364882234616,21.6364882234616,0.0,0.0,0.0,196.52346665753709
2017-10-24,175.37895048892022,116.35778915228069,263.68874829450226,175.37895048892022,175.37895048892022,19.32097571965341,19.32097571965341,19.32097571965341,19.32097571965341,19.32097571965341,19.32097571965341,0.0,0.0,0.0,194.69992620857363
2017-10-25,175.87092254376498,116.78328057428551,264.858221483431,175.87092254376498,175.87092254376498,14.139579247712902,14.139579247712902,14.139579247712902,14.139579247712902,14.139579247712902,14.139579247712902,0.0,0.0,0.0,190.01050179147788
2017-10-26,176.36289459860973,109.23102097257862,255.51567611102644,176.36289459860973,176.36289459860973,7.164569184983372,7.164569184983372,7.164569184983372,7.164569184983372,7.164569184983372,7.164569184983372,0.0,0.0,0.0,183.5274637835931
2017-10-27,176.85486665345442,97.930009038579,250.80820743937923,176.85486665345442,176.85486665345442,-0.878098336391874,-0.878098336391874,-0.878098336391874,-0.878098336391874,-0.878098336391874,-0.878098336391874,0.0,0.0,0.0,175.97676831706255
2017-10-28,177.34683870829917,67.40091554651558,216.7611459655615,177.34683870829917,177.34683870829917,-36.76061758331154,-36.76061758331154,-36.76061758331154,-36.76061758331154,-36.76061758331154,-36.76061758331154,0.0,0.0,0.0,140.58622112498762
2017-10-29,177.8388107631439,74.76737448610294,233.96876476468984,177.8388107631439,177.8388107631439,-24.622896456018218,-24.622896456018218,-24.622896456018218,-24.622896456018218,-24.622896456018218,-24.622896456018218,0.0,0.0,0.0,153.21591430712567
2017-10-30,178.33078281798868,119.89977101070755,273.5787844030001,178.33078281798868,178.33078281798868,21.63648822336867,21.63648822336867,21.63648822336867,21.63648822336867,21.63648822336867,21.63648822336867,0.0,0.0,0.0,199.96727104135735
2017-10-31,178.82275487283337,121.01125870410704,272.87703322776616,178.82275487283337,178.82275487283337,19.320975719639275,19.320975719639275,19.320975719639275,19.320975719639275,19.320975719639275,19.320975719639275,0.0,0.0,0.0,198.14373059247265
2017-11-01,179.3147269276781,114.57204252754381,275.09859610784,179.3147269276781,179.3147269276781,14.139579247708534,14.139579247708534,14.139579247708534,14.139579247708534,14.139579247708534,14.139579247708534,0.0,0.0,0.0,193.45430617538662
2017-11-02,179.80669898252285,108.57938889830152,262.42900765617975,179.80669898252285,179.80669898252285,7.164569185004186,7.164569185004186,7.164569185004186,7.164569185004186,7.164569185004186,7.164569185004186,0.0,0.0,0.0,186.97126816752703
2017-11-03,180.29867103736757,99.60239152640764,259.40729236332066,180.29867103736757,180.29867103736757,-0.8780983363843841,-0.8780983363843841,-0.8780983363843841,-0.8780983363843841,-0.8780983363843841,-0.8780983363843841,0.0,0.0,0.0,179.42057270098317
2017-11-04,180.7906430656205,64.88859578820666,217.65334150176537,180.7906430656205,180.7906430656205,-36.760617583315245,-36.760617583315245,-36.760617583315245,-36.760617583315245,-36.760617583315245,-36.760617583315245,0.0,0.0,0.0,144.03002548230523
2017-11-05,181.28261509387337,82.30964620960617,232.98870186092697,181.28261509387337,181.28261509387337,-24.622896455996923,-24.622896455996923,-24.622896455996923,-24.622896455996923,-24.622896455996923,-24.622896455996923,0.0,0.0,0.0,156.65971863787644
2017-11-06,181.77458712212632,123.03841972464862,278.9675012384397,181.77458712212632,181.77458712212632,21.636488223396736,21.636488223396736,21.636488223396736,21.636488223396736,21.636488223396736,21.636488223396736,0.0,0.0,0.0,203.41107534552305
2017-11-07,182.26655915037924,125.65258139889087,276.33671380412864,182.26655915037924,182.26655915037924,19.32097571963945,19.32097571963945,19.32097571963945,19.32097571963945,19.32097571963945,19.32097571963945,0.0,0.0,0.0,201.5875348700187
2017-11-08,182.7585311786321,121.91716519287748,273.0030503237713,182.7585311786321,182.7585311786321,14.13957924770417,14.13957924770417,14.13957924770417,14.13957924770417,14.13957924770417,14.13957924770417,0.0,0.0,0.0,196.89811042633627
2017-11-09,183.25050320688504,116.15848378544692,269.2963939625261,183.25050320688504,183.25050320688504,7.164569184989981,7.164569184989981,7.164569184989981,7.164569184989981,7.164569184989981,7.164569184989981,0.0,0.0,0.0,190.41507239187501
2017-11-10,183.74247523513796,100.88081198992388,262.2288831534562,183.74247523513796,183.74247523513796,-0.878098336386622,-0.878098336386622,-0.878098336386622,-0.878098336386622,-0.878098336386622,-0.878098336386622,0.0,0.0,0.0,182.86437689875135
2017-11-11,184.2344472633909,75.7779716582006,220.46943465219945,184.2344472633909,184.2344472633909,-36.76061758332046,-36.76061758332046,-36.76061758332046,-36.76061758332046,-36.76061758332046,-36.76061758332046,0.0,0.0,0.0,147.47382968007045
2017-11-12,184.72641929164377,84.69701166687626,240.20312131569844,184.72641929164377,184.72641929164377,-24.622896455975628,-24.622896455975628,-24.622896455975628,-24.622896455975628,-24.622896455975628,-24.622896455975628,0.0,0.0,0.0,160.10352283566814
2017-11-13,185.2183913198967,128.30414840678492,282.32218578696353,185.2183913198967,185.2183913198967,21.63648822342481,21.63648822342481,21.63648822342481,21.63648822342481,21.63648822342481,21.63648822342481,0.0,0.0,0.0,206.85487954332152
2017-11-14,185.71036334814963,131.94414264095548,278.79332815220835,185.71036334814963,185.71036334814963,19.32097571964096,19.32097571964096,19.32097571964096,19.32097571964096,19.32097571964096,19.32097571964096,0.0,0.0,0.0,205.03133906779058
2017-11-15,186.20233537640252,125.51010023942568,281.56513365336275,186.20233537640252,186.20233537640252,14.139579247712216,14.139579247712216,14.139579247712216,14.139579247712216,14.139579247712216,14.139579247712216,0.0,0.0,0.0,200.34191462411474
2017-11-16,186.69430740465543,123.01605991170761,274.92301815380296,186.69430740465543,186.69430740465543,7.164569185008077,7.164569185008077,7.164569185008077,7.164569185008077,7.164569185008077,7.164569185008077,0.0,0.0,0.0,193.8588765896635
2017-11-17,187.18627943290835,113.50205156837991,262.18141635466316,187.18627943290835,187.18627943290835,-0.878098336416939,-0.878098336416939,-0.878098336416939,-0.878098336416939,-0.878098336416939,-0.878098336416939,0.0,0.0,0.0,186.3081810964914
2017-11-18,187.67825146116127,77.84707268755399,232.83513089199738,187.67825146116127,187.67825146116127,-36.760617583360116,-36.760617583360116,-36.760617583360116,-36.760617583360116,-36.760617583360116,-36.760617583360116,0.0,0.0,0.0,150.91763387780117
2017-11-19,188.17022348941418,84.95924057278495,241.03047557389732,188.17022348941418,188.17022348941418,-24.622896455954344,-24.622896455954344,-24.622896455954344,-24.622896455954344,-24.622896455954344,-24.622896455954344,0.0,0.0,0.0,163.54732703345985
2017-11-20,188.66219551766704,137.88320196296462,285.26193812659824,188.66219551766704,188.66219551766704,21.63648822339238,21.63648822339238,21.63648822339238,21.63648822339238,21.63648822339238,21.63648822339238,0.0,0.0,0.0,210.29868374105942
2017-11-21,189.15416754592,135.02390555586044,283.3978326644213,189.15416754592,189.15416754592,19.320975719641133,19.320975719641133,19.320975719641133,19.320975719641133,19.320975719641133,19.320975719641133,0.0,0.0,0.0,208.47514326556112
2017-11-22,189.6461395741729,136.9232773011613,282.79094793741706,189.6461395741729,189.6461395741729,14.139579247707845,14.139579247707845,14.139579247707845,14.139579247707845,14.139579247707845,14.139579247707845,0.0,0.0,0.0,203.78571882188075
2017-11-23,190.13811160242585,123.99137771818305,271.1148494358652,190.13811160242585,190.13811160242585,7.16456918499659,7.16456918499659,7.16456918499659,7.16456918499659,7.16456918499659,7.16456918499659,0.0,0.0,0.0,197.30268078742245
2017-11-24,190.60507514085265,115.74663205982333,261.7162604011533,190.60507514085265,190.60507514085265,-0.8780983364472565,-0.8780983364472565,-0.8780983364472565,-0.8780983364472565,-0.8780983364472565,-0.8780983364472565,0.0,0.0,0.0,189.72697680440538
2017-11-25,191.07203867927947,76.83727018120256,228.96144993062694,191.07203867927947,191.07203867927947,-36.76061758329494,-36.76061758329494,-36.76061758329494,-36.76061758329494,-36.76061758329494,-36.76061758329494,0.0,0.0,0.0,154.31142109598454
2017-11-26,191.53900221770633,95.91265949913883,247.96907774183347,191.53900221770633,191.53900221770633,-24.622896455979003,-24.622896455979003,-24.622896455979003,-24.622896455979003,-24.622896455979003,-24.622896455979003,0.0,0.0,0.0,166.91610576172732
2017-11-27,192.00596575613315,139.89708016753255,288.2829727057369,192.00596575613315,192.00596575613315,21.636488223393652,21.636488223393652,21.636488223393652,21.636488223393652,21.636488223393652,21.636488223393652,0.0,0.0,0.0,213.6424539795268
2017-11-28,192.47292929455995,143.01439870323367,290.23963037144387,192.47292929455995,192.47292929455995,19.320975719627004,19.320975719627004,19.320975719627004,19.320975719627004,19.320975719627004,19.320975719627004,0.0,0.0,0.0,211.79390501418695
2017-11-29,192.93989283298677,129.88798870069172,283.1293100033442,192.93989283298677,192.93989283298677,14.139579247704503,14.139579247704503,14.139579247704503,14.139579247704503,14.139579247704503,14.139579247704503,0.0,0.0,0.0,207.0794720806913
2017-11-30,193.40685637141362,123.28037122855845,280.2262150546514,193.40685637141362,193.40685637141362,7.164569184998538,7.164569184998538,7.164569184998538,7.164569184998538,7.164569184998538,7.164569184998538,0.0,0.0,0.0,200.57142555641215
2017-12-01,193.87381990984045,120.14074702676893,270.0808112933089,193.87381990984045,193.87381990984045,-0.8780983364116877,-0.8780983364116877,-0.8780983364116877,-0.8780983364116877,-0.8780983364116877,-0.8780983364116877,0.0,0.0,0.0,192.99572157342877
2017-12-02,194.34078344826725,82.3495769028573,232.17876192357062,194.34078344826725,194.34078344826725,-36.7606175833346,-36.7606175833346,-36.7606175833346,-36.7606175833346,-36.7606175833346,-36.7606175833346,0.0,0.0,0.0,157.58016586493264
2017-12-03,194.8077469866941,95.12797654269653,248.2544438183415,194.8077469866941,194.8077469866941,-24.622896456071626,-24.622896456071626,-24.622896456071626,-24.622896456071626,-24.622896456071626,-24.622896456071626,0.0,0.0,0.0,170.18485053062247
2017-12-04,195.27471052512092,144.15358334959083,292.58045109303794,195.27471052512092,195.27471052512092,21.63648822339493,21.63648822339493,21.63648822339493,21.63648822339493,21.63648822339493,21.63648822339493,0.0,0.0,0.0,216.91119874851586
2017-12-05,195.74167406354775,139.17623955032067,290.5240911836349,195.74167406354775,195.74167406354775,19.32097571961288,19.32097571961288,19.32097571961288,19.32097571961288,19.32097571961288,19.32097571961288,0.0,0.0,0.0,215.06264978316062
2017-12-06,196.20863760197454,133.9156155230278,287.709093612131,196.20863760197454,196.20863760197454,14.139579247710492,14.139579247710492,14.139579247710492,14.139579247710492,14.139579247710492,14.139579247710492,0.0,0.0,0.0,210.34821684968503
2017-12-07,196.6756011404014,133.19289368052694,274.68731839463675,196.6756011404014,196.6756011404014,7.164569185003199,7.164569185003199,7.164569185003199,7.164569185003199,7.164569185003199,7.164569185003199,0.0,0.0,0.0,203.84017032540459
2017-12-08,197.14256467882822,114.4218713734423,272.5829247940462,197.14256467882822,197.14256467882822,-0.8780983364139265,-0.8780983364139265,-0.8780983364139265,-0.8780983364139265,-0.8780983364139265,-0.8780983364139265,0.0,0.0,0.0,196.2644663424143
2017-12-09,197.60952821725505,88.71615011491018,239.4151398167168,197.60952821725505,197.60952821725505,-36.760617583339815,-36.760617583339815,-36.760617583339815,-36.760617583339815,-36.760617583339815,-36.760617583339815,0.0,0.0,0.0,160.84891063391524
2017-12-10,198.07649175568184,98.17288336254542,255.87407186263917,198.07649175568184,198.07649175568184,-24.62289645601635,-24.62289645601635,-24.62289645601635,-24.62289645601635,-24.62289645601635,-24.62289645601635,0.0,0.0,0.0,173.4535952996655
2017-12-11,198.5434552941087,142.13870374262717,296.8973833817465,198.5434552941087,198.5434552941087,21.636488223362505,21.636488223362505,21.636488223362505,21.636488223362505,21.636488223362505,21.636488223362505,0.0,0.0,0.0,220.1799435174712
2017-12-12,199.01041883253552,139.83238368076886,291.8905767216215,199.01041883253552,199.01041883253552,19.320975719628688,19.320975719628688,19.320975719628688,19.320975719628688,19.320975719628688,19.320975719628688,0.0,0.0,0.0,218.3313945521642
2017-12-13,199.45780850548408,142.53515917234301,291.18565740558006,199.45780850548408,199.45780850548408,14.139579247717508,14.139579247717508,14.139579247717508,14.139579247717508,14.139579247717508,14.139579247717508,0.0,0.0,0.0,213.5973877532016
2017-12-14,199.9051981784326,129.0560959069473,283.3139473623804,199.9051981784326,199.9051981784326,7.164569185007862,7.164569185007862,7.164569185007862,7.164569185007862,7.164569185007862,7.164569185007862,0.0,0.0,0.0,207.06976736344046
2017-12-15,200.3525878513812,124.34045621707467,277.0768401930369,200.3525878513812,200.3525878513812,-0.878098336416169,-0.878098336416169,-0.878098336416169,-0.878098336416169,-0.878098336416169,-0.878098336416169,0.0,0.0,0.0,199.47448951496503
2017-12-16,200.79997752432976,94.88676016873757,240.08812685210867,200.79997752432976,200.79997752432976,-36.760617583345024,-36.760617583345024,-36.760617583345024,-36.760617583345024,-36.760617583345024,-36.760617583345024,0.0,0.0,0.0,164.03935994098475
2017-12-17,201.24736719727832,101.76927304102318,256.85206262792263,201.24736719727832,201.24736719727832,-24.622896456108972,-24.622896456108972,-24.622896456108972,-24.622896456108972,-24.622896456108972,-24.622896456108972,0.0,0.0,0.0,176.62447074116935
2017-12-18,201.69475687022685,148.9072806577307,297.92459050461366,201.69475687022685,201.69475687022685,21.636488223390568,21.636488223390568,21.636488223390568,21.636488223390568,21.636488223390568,21.636488223390568,0.0,0.0,0.0,223.3312450936174
2017-12-19,202.14214654317544,148.74694431999524,307.3575632875965,202.14214654317544,202.14214654317544,19.320975719628866,19.320975719628866,19.320975719628866,19.320975719628866,19.320975719628866,19.320975719628866,0.0,0.0,0.0,221.46312226280432
2017-12-20,202.58953621612403,139.97990656368736,293.1195866685427,202.58953621612403,202.58953621612403,14.139579247713138,14.139579247713138,14.139579247713138,14.139579247713138,14.139579247713138,14.139579247713138,0.0,0.0,0.0,216.72911546383716
2017-12-21,203.0369258890726,129.43838705485973,290.9491123774939,203.0369258890726,203.0369258890726,7.164569184996377,7.164569184996377,7.164569184996377,7.164569184996377,7.164569184996377,7.164569184996377,0.0,0.0,0.0,210.20149507406896
2017-12-22,203.48431556202112,129.60563104862968,282.00931257607584,203.48431556202112,203.48431556202112,-0.8780983363806081,-0.8780983363806081,-0.8780983363806081,-0.8780983363806081,-0.8780983363806081,-0.8780983363806081,0.0,0.0,0.0,202.6062172256405
2017-12-23,203.9317052349697,86.18151462852828,239.63707858894333,203.9317052349697,203.9317052349697,-36.760617583314286,-36.760617583314286,-36.760617583314286,-36.760617583314286,-36.760617583314286,-36.760617583314286,0.0,0.0,0.0,167.17108765165543
2017-12-24,204.37909490791827,108.83476466001505,253.18192333274453,204.37909490791827,204.37909490791827,-24.622896456053702,-24.622896456053702,-24.622896456053702,-24.622896456053702,-24.622896456053702,-24.622896456053702,0.0,0.0,0.0,179.75619845186458
2017-12-25,204.82648458086683,148.93590328299678,298.4007907115495,204.82648458086683,204.82648458086683,21.63648822341864,21.63648822341864,21.63648822341864,21.63648822341864,21.63648822341864,21.63648822341864,0.0,0.0,0.0,226.46297280428547
2017-12-26,205.27387425381536,149.867369587331,300.5463345023667,205.27387425381536,205.27387425381536,19.320975719629033,19.320975719629033,19.320975719629033,19.320975719629033,19.320975719629033,19.320975719629033,0.0,0.0,0.0,224.5948499734444
2017-12-27,205.72126392676398,146.3887308156252,293.39707228811454,205.72126392676398,205.72126392676398,14.139579247721187,14.139579247721187,14.139579247721187,14.139579247721187,14.139579247721187,14.139579247721187,0.0,0.0,0.0,219.86084317448518
2017-12-28,206.16865359971254,134.5415512553323,283.49023696233735,206.16865359971254,206.16865359971254,7.1645691850144715,7.1645691850144715,7.1645691850144715,7.1645691850144715,7.1645691850144715,7.1645691850144715,0.0,0.0,0.0,213.333222784727
2017-12-29,206.6160432726611,124.1097606700816,285.76589245565526,206.6160432726611,206.6160432726611,-0.878098336410921,-0.878098336410921,-0.878098336410921,-0.878098336410921,-0.878098336410921,-0.878098336410921,0.0,0.0,0.0,205.7379449362502
2017-12-30,207.06343294560966,94.27217606842562,245.23645247651464,207.06343294560966,207.06343294560966,-36.76061758328356,-36.76061758328356,-36.76061758328356,-36.76061758328356,-36.76061758328356,-36.76061758328356,0.0,0.0,0.0,170.3028153623261
2017-12-31,207.51082261855822,109.27938683161746,257.10679577331456,207.51082261855822,207.51082261855822,-24.62289645603241,-24.62289645603241,-24.62289645603241,-24.62289645603241,-24.62289645603241,-24.62289645603241,0.0,0.0,0.0,182.88792616252582
2018-01-01,207.9582122915068,154.4183714159126,302.9830958109774,207.9582122915068,207.9582122915068,21.636488223419917,21.636488223419917,21.636488223419917,21.636488223419917,21.636488223419917,21.636488223419917,0.0,0.0,0.0,229.59470051492673
2018-01-02,208.4055932145585,156.47000292141217,307.5570103126442,208.4055932145585,208.4055932145585,19.320975719644846,19.320975719644846,19.320975719644846,19.320975719644846,19.320975719644846,19.320975719644846,0.0,0.0,0.0,227.72656893420336
2018-01-03,208.85297413761012,148.10681372325908,296.6712869477882,208.85297413761012,208.85297413761012,14.139579247716815,14.139579247716815,14.139579247716815,14.139579247716815,14.139579247716815,14.139579247716815,0.0,0.0,0.0,222.99255338532694
2018-01-04,209.30035506066181,141.72295419165476,289.7831148561116,209.30035506066181,209.30035506066181,7.164569185002986,7.164569185002986,7.164569185002986,7.164569185002986,7.164569185002986,7.164569185002986,0.0,0.0,0.0,216.4649242456648
2018-01-05,209.74773598371345,138.92130921314117,286.47408666183117,209.74773598371345,209.74773598371345,-0.8780983364412326,-0.8780983364412326,-0.8780983364412326,-0.8780983364412326,-0.8780983364412326,-0.8780983364412326,0.0,0.0,0.0,208.8696376472722
2018-01-06,210.19511690676515,96.89821043180594,242.8728146355889,210.19511690676515,210.19511690676515,-36.76061758328877,-36.76061758328877,-36.76061758328877,-36.76061758328877,-36.76061758328877,-36.76061758328877,0.0,0.0,0.0,173.4344993234764
2018-01-07,210.6424978298168,115.043603872263,262.2467343656131,210.6424978298168,210.6424978298168,-24.622896456057074,-24.622896456057074,-24.622896456057074,-24.622896456057074,-24.622896456057074,-24.622896456057074,0.0,0.0,0.0,186.0196013737597
2018-01-08,211.08987875286846,160.55527646588163,306.9723118872094,211.08987875286846,211.08987875286846,21.63648822341428,21.63648822341428,21.63648822341428,21.63648822341428,21.63648822341428,21.63648822341428,0.0,0.0,0.0,232.72636697628275
2018-01-09,211.53725967592013,157.95649753553874,311.66190099736474,211.53725967592013,211.53725967592013,19.320975719630717,19.320975719630717,19.320975719630717,19.320975719630717,19.320975719630717,19.320975719630717,0.0,0.0,0.0,230.85823539555085
2018-01-10,211.98464059897182,146.13179227680388,296.37650932415653,211.98464059897182,211.98464059897182,14.139579247712446,14.139579247712446,14.139579247712446,14.139579247712446,14.139579247712446,14.139579247712446,0.0,0.0,0.0,226.12421984668427
2018-01-11,212.43202152202343,138.01043844910677,292.00095686519813,212.43202152202343,212.43202152202343,7.1645691850076485,7.1645691850076485,7.1645691850076485,7.1645691850076485,7.1645691850076485,7.1645691850076485,0.0,0.0,0.0,219.59659070703108
2018-01-12,212.87940244507513,139.23522998584113,288.22595822854504,212.87940244507513,212.87940244507513,-0.8780983364434716,-0.8780983364434716,-0.8780983364434716,-0.8780983364434716,-0.8780983364434716,-0.8780983364434716,0.0,0.0,0.0,212.00130410863167
2018-01-13,213.3267833681268,100.06600749098901,249.99680582897767,213.3267833681268,213.3267833681268,-36.76061758329248,-36.76061758329248,-36.76061758329248,-36.76061758329248,-36.76061758329248,-36.76061758329248,0.0,0.0,0.0,176.5661657848343
2018-01-14,213.77416429117847,116.86874184596824,271.24031681853245,213.77416429117847,213.77416429117847,-24.62289645603578,-24.62289645603578,-24.62289645603578,-24.62289645603578,-24.62289645603578,-24.62289645603578,0.0,0.0,0.0,189.15126783514268
2018-01-15,214.2215452142301,160.58504661252658,312.78145428497777,214.2215452142301,214.2215452142301,21.636488223415554,21.636488223415554,21.636488223415554,21.636488223415554,21.636488223415554,21.636488223415554,0.0,0.0,0.0,235.85803343764564
2018-01-16,214.66892613728177,162.30256693609954,309.087995625272,214.66892613728177,214.66892613728177,19.32097571963223,19.32097571963223,19.32097571963223,19.32097571963223,19.32097571963223,19.32097571963223,0.0,0.0,0.0,233.989901856914
2018-01-17,215.11630706033344,151.07079774367043,306.9605598900579,215.11630706033344,215.11630706033344,14.139579247708081,14.139579247708081,14.139579247708081,14.139579247708081,14.139579247708081,14.139579247708081,0.0,0.0,0.0,229.2558863080415
2018-01-18,215.56368798338514,149.9495917809543,295.2996058379739,215.56368798338514,215.56368798338514,7.164569184993444,7.164569184993444,7.164569184993444,7.164569184993444,7.164569184993444,7.164569184993444,0.0,0.0,0.0,222.72825716837858
2018-01-19,216.01106890643675,143.08910071971988,289.2942436525106,216.01106890643675,216.01106890643675,-0.8780983364359857,-0.8780983364359857,-0.8780983364359857,-0.8780983364359857,-0.8780983364359857,-0.8780983364359857,0.0,0.0,0.0,215.13297057000077
2018-01-20,216.45844982948842,105.58992195101548,257.26258739891284,216.45844982948842,216.45844982948842,-36.76061758326326,-36.76061758326326,-36.76061758326326,-36.76061758326326,-36.76061758326326,-36.76061758326326,0.0,0.0,0.0,179.69783224622515
2018-01-21,216.78989190727924,113.94493905561744,267.0690288676853,216.78989190727924,216.78989190727924,-24.622896456014484,-24.622896456014484,-24.622896456014484,-24.622896456014484,-24.622896456014484,-24.622896456014484,0.0,0.0,0.0,192.16699545126477
2018-01-22,217.12133398507007,157.3922641388677,318.0676457391411,217.12133398507007,217.12133398507007,21.636488223443624,21.636488223443624,21.636488223443624,21.636488223443624,21.636488223443624,21.636488223443624,0.0,0.0,0.0,238.7578222085137
2018-01-23,217.4527760628608,164.99240120722797,315.6408676864547,217.4527760628608,217.4527760628608,19.320975719662343,19.320975719662343,19.320975719662343,19.320975719662343,19.320975719662343,19.320975719662343,0.0,0.0,0.0,236.77375178252316
2018-01-24,217.78421814065163,154.7146272157936,310.7122310255751,217.78421814065163,217.78421814065163,14.139579247716123,14.139579247716123,14.139579247716123,14.139579247716123,14.139579247716123,14.139579247716123,0.0,0.0,0.0,231.92379738836775
2018-01-25,218.1156602184424,158.9805218158264,295.4036174540024,218.1156602184424,218.1156602184424,7.164569184998108,7.164569184998108,7.164569184998108,7.164569184998108,7.164569184998108,7.164569184998108,0.0,0.0,0.0,225.2802294034405
2018-01-26,218.44710229623323,139.07197980369799,292.7338500256784,218.44710229623323,218.44710229623323,-0.8780983363723437,-0.8780983363723437,-0.8780983363723437,-0.8780983363723437,-0.8780983363723437,-0.8780983363723437,0.0,0.0,0.0,217.56900395986088
2018-01-27,218.778544374024,102.18862716990462,252.3636306993545,218.778544374024,218.778544374024,-36.76061758330291,-36.76061758330291,-36.76061758330291,-36.76061758330291,-36.76061758330291,-36.76061758330291,0.0,0.0,0.0,182.01792679072108
2018-01-28,219.10998645181482,116.11257297983124,271.17970055690984,219.10998645181482,219.10998645181482,-24.62289645599319,-24.62289645599319,-24.62289645599319,-24.62289645599319,-24.62289645599319,-24.62289645599319,0.0,0.0,0.0,194.48708999582163
2018-01-29,219.44142852960556,165.15583270618106,321.4482210503335,219.44142852960556,219.44142852960556,21.636488223384404,21.636488223384404,21.636488223384404,21.636488223384404,21.636488223384404,21.636488223384404,0.0,0.0,0.0,241.07791675298995
2018-01-30,219.77287060739638,160.111935855996,311.9367727889325,219.77287060739638,219.77287060739638,19.320975719648217,19.320975719648217,19.320975719648217,19.320975719648217,19.320975719648217,19.320975719648217,0.0,0.0,0.0,239.09384632704462
2018-01-31,220.10431268518715,156.38200190836136,313.2170001894821,220.10431268518715,220.10431268518715,14.139579247710728,14.139579247710728,14.139579247710728,14.139579247710728,14.139579247710728,14.139579247710728,0.0,0.0,0.0,234.2438919328979
2018-02-01,220.43575476297798,150.8542466325218,304.3028988535899,220.43575476297798,220.43575476297798,7.164569185002771,7.164569185002771,7.164569185002771,7.164569185002771,7.164569185002771,7.164569185002771,0.0,0.0,0.0,227.60032394798074
2018-02-02,220.7671968407688,144.74524868883097,300.7124497376126,220.7671968407688,220.7671968407688,-0.8780983364307333,-0.8780983364307333,-0.8780983364307333,-0.8780983364307333,-0.8780983364307333,-0.8780983364307333,0.0,0.0,0.0,219.88909850433808
2018-02-03,221.09863891855957,108.9676957585329,260.24873011402224,221.09863891855957,221.09863891855957,-36.76061758330662,-36.76061758330662,-36.76061758330662,-36.76061758330662,-36.76061758330662,-36.76061758330662,0.0,0.0,0.0,184.33802133525296
2018-02-04,221.4300809963503,131.08073918178962,268.4380719065554,221.4300809963503,221.4300809963503,-24.622896456017855,-24.622896456017855,-24.622896456017855,-24.622896456017855,-24.622896456017855,-24.622896456017855,0.0,0.0,0.0,196.80718454033246
2018-02-05,221.76152307414114,166.21796422452343,317.333802836316,221.76152307414114,221.76152307414114,21.636488223412467,21.636488223412467,21.636488223412467,21.636488223412467,21.636488223412467,21.636488223412467,0.0,0.0,0.0,243.3980112975536
2018-02-06,222.09296515193196,170.31165331508862,315.55964849051304,222.09296515193196,222.09296515193196,19.320975719648388,19.320975719648388,19.320975719648388,19.320975719648388,19.320975719648388,19.320975719648388,0.0,0.0,0.0,241.41394087158034
2018-02-07,222.42440722972273,160.7137931717305,309.16585890998965,222.42440722972273,222.42440722972273,14.139579247707387,14.139579247707387,14.139579247707387,14.139579247707387,14.139579247707387,14.139579247707387,0.0,0.0,0.0,236.56398647743012
2018-02-08,222.75584930751356,159.97970256187332,308.4911532000476,222.75584930751356,222.75584930751356,7.164569185007436,7.164569185007436,7.164569185007436,7.164569185007436,7.164569185007436,7.164569185007436,0.0,0.0,0.0,229.92041849252098
2018-02-09,223.08729138530433,149.32303250861435,300.5875805318264,223.08729138530433,223.08729138530433,-0.8780983363670963,-0.8780983363670963,-0.8780983363670963,-0.8780983363670963,-0.8780983363670963,-0.8780983363670963,0.0,0.0,0.0,222.20919304893724
2018-02-10,223.2582449029647,109.57989054002964,261.79007829335865,223.2582449029647,223.2582449029647,-36.76061758331183,-36.76061758331183,-36.76061758331183,-36.76061758331183,-36.76061758331183,-36.76061758331183,0.0,0.0,0.0,186.49762731965285
2018-02-11,223.42919842062506,119.38733074164728,277.81278834112436,223.42919842062506,223.42919842062506,-24.62289645603054,-24.62289645603054,-24.62289645603054,-24.62289645603054,-24.62289645603054,-24.62289645603054,0.0,0.0,0.0,198.80630196459452
2018-02-12,223.60015193828542,162.96195328249826,325.45415870571935,223.60015193828542,223.60015193828542,21.636488223406833,21.636488223406833,21.636488223406833,21.636488223406833,21.636488223406833,21.636488223406833,0.0,0.0,0.0,245.23664016169226
2018-02-13,223.77110545594576,166.77841987215032,320.42675166197,223.77110545594576,223.77110545594576,19.32097571961996,19.32097571961996,19.32097571961996,19.32097571961996,19.32097571961996,19.32097571961996,0.0,0.0,0.0,243.0920811755657
2018-02-14,223.94205897360612,160.84567797304098,316.9907796913692,223.94205897360612,223.94205897360612,14.139579247715432,14.139579247715432,14.139579247715432,14.139579247715432,14.139579247715432,14.139579247715432,0.0,0.0,0.0,238.08163822132155
2018-02-15,224.11301249126652,152.9343057875029,312.3876856389097,224.11301249126652,224.11301249126652,7.164569184993229,7.164569184993229,7.164569184993229,7.164569184993229,7.164569184993229,7.164569184993229,0.0,0.0,0.0,231.27758167625976
2018-02-16,224.28396600892685,148.32465517898643,303.18500930337115,224.28396600892685,224.28396600892685,-0.8780983363974093,-0.8780983363974093,-0.8780983363974093,-0.8780983363974093,-0.8780983363974093,-0.8780983363974093,0.0,0.0,0.0,223.40586767252944
2018-02-17,224.4549195265872,111.4887772649504,264.9204406385458,224.4549195265872,224.4549195265872,-36.76061758335148,-36.76061758335148,-36.76061758335148,-36.76061758335148,-36.76061758335148,-36.76061758335148,0.0,0.0,0.0,187.6943019432357
2018-02-18,224.62587304424758,120.9909931176112,277.63373843964735,224.62587304424758,224.62587304424758,-24.622896455975262,-24.622896455975262,-24.622896455975262,-24.622896455975262,-24.622896455975262,-24.622896455975262,0.0,0.0,0.0,200.00297658827233
2018-02-19,224.79682656190795,165.75065474324947,323.72377848846736,224.79682656190795,224.79682656190795,21.636488223374403,21.636488223374403,21.636488223374403,21.636488223374403,21.636488223374403,21.636488223374403,0.0,0.0,0.0,246.43331478528236
2018-02-20,224.96778007956829,168.76210300675672,320.91955127008623,224.96778007956829,224.96778007956829,19.320975719650068,19.320975719650068,19.320975719650068,19.320975719650068,19.320975719650068,19.320975719650068,0.0,0.0,0.0,244.28875579921836
2018-02-21,225.13873359722865,166.53069474585166,316.32649241799436,225.13873359722865,225.13873359722865,14.139579247711065,14.139579247711065,14.139579247711065,14.139579247711065,14.139579247711065,14.139579247711065,0.0,0.0,0.0,239.2783128449397
2018-02-22,225.30968711488902,158.7172689052425,309.80899781232984,225.30968711488902,225.30968711488902,7.164569185014046,7.164569185014046,7.164569185014046,7.164569185014046,7.164569185014046,7.164569185014046,0.0,0.0,0.0,232.47425629990306
2018-02-23,225.48064063254938,150.05074074177708,300.9672535798858,225.48064063254938,225.48064063254938,-0.8780983364277208,-0.8780983364277208,-0.8780983364277208,-0.8780983364277208,-0.8780983364277208,-0.8780983364277208,0.0,0.0,0.0,224.60254229612167
2018-02-24,225.65159415020975,116.38436743177976,260.78276081257405,225.65159415020975,225.65159415020975,-36.760617583322265,-36.760617583322265,-36.760617583322265,-36.760617583322265,-36.760617583322265,-36.760617583322265,0.0,0.0,0.0,188.89097656688747
2018-02-25,225.82254766787008,124.2461193953653,282.49473681056276,225.82254766787008,225.82254766787008,-24.62289645599993,-24.62289645599993,-24.62289645599993,-24.62289645599993,-24.62289645599993,-24.62289645599993,0.0,0.0,0.0,201.19965121187016
2018-02-26,225.99350118553045,173.2292218816447,325.6601263514605,225.99350118553045,225.99350118553045,21.63648822337568,21.63648822337568,21.63648822337568,21.63648822337568,21.63648822337568,21.63648822337568,0.0,0.0,0.0,247.6299894089061
2018-02-27,226.16445470319084,165.63329756430429,323.6085931393537,226.16445470319084,226.16445470319084,19.320975719635943,19.320975719635943,19.320975719635943,19.320975719635943,19.320975719635943,19.320975719635943,0.0,0.0,0.0,245.4854304228268
2018-02-28,226.33540822085118,165.98485416496874,316.87548592410303,226.33540822085118,226.33540822085118,14.139579247707728,14.139579247707728,14.139579247707728,14.139579247707728,14.139579247707728,14.139579247707728,0.0,0.0,0.0,240.4749874685589
2018-03-01,226.32311204764198,159.42877205960994,312.59728389980876,226.32311204764198,226.32311204764198,7.1645691849998405,7.1645691849998405,7.1645691849998405,7.1645691849998405,7.1645691849998405,7.1645691849998405,0.0,0.0,0.0,233.48768123264182
2018-03-02,226.31081587443276,144.67940882035285,302.0186591428843,226.31081587443276,226.31081587443276,-0.8780983363921614,-0.8780983363921614,-0.8780983363921614,-0.8780983363921614,-0.8780983363921614,-0.8780983363921614,0.0,0.0,0.0,225.4327175380406
2018-03-03,226.29851970122357,114.05142318366137,265.56232710779994,226.29851970122357,226.29851970122357,-36.76061758332597,-36.76061758332597,-36.76061758332597,-36.76061758332597,-36.76061758332597,-36.76061758332597,0.0,0.0,0.0,189.5379021178976
2018-03-04,226.28622352801438,122.58803538391939,282.3794968314783,226.28622352801438,226.28622352801438,-24.622896455978637,-24.622896455978637,-24.622896455978637,-24.622896455978637,-24.622896455978637,-24.622896455978637,0.0,0.0,0.0,201.66332707203574
2018-03-05,226.27392735480512,168.28235322880548,330.78018815143645,226.27392735480512,226.27392735480512,21.63648822340375,21.63648822340375,21.63648822340375,21.63648822340375,21.63648822340375,21.63648822340375,0.0,0.0,0.0,247.91041557820887
2018-03-06,226.26163118159593,170.85600927820883,320.9644673845342,226.26163118159593,226.26163118159593,19.320975719621817,19.320975719621817,19.320975719621817,19.320975719621817,19.320975719621817,19.320975719621817,0.0,0.0,0.0,245.58260690121776
2018-03-07,226.2493350083867,159.42164153045525,319.49973593797637,226.2493350083867,226.2493350083867,14.139579247702324,14.139579247702324,14.139579247702324,14.139579247702324,14.139579247702324,14.139579247702324,0.0,0.0,0.0,240.38891425608904
2018-03-08,226.23703883517751,157.16449734093453,305.77998757792955,226.23703883517751,226.23703883517751,7.164569185017937,7.164569185017937,7.164569185017937,7.164569185017937,7.164569185017937,7.164569185017937,0.0,0.0,0.0,233.40160802019545
2018-03-09,226.22474266196832,142.22590833911855,306.58578884105737,226.22474266196832,226.22474266196832,-0.8780983363944044,-0.8780983363944044,-0.8780983363944044,-0.8780983363944044,-0.8780983363944044,-0.8780983363944044,0.0,0.0,0.0,225.34664432557392
2018-03-10,226.2124464887591,116.82578616186552,266.83916390275664,226.2124464887591,226.2124464887591,-36.760617583331175,-36.760617583331175,-36.760617583331175,-36.760617583331175,-36.760617583331175,-36.760617583331175,0.0,0.0,0.0,189.45182890542793
2018-03-11,226.2001503155499,124.22791857744052,275.12940115223864,226.2001503155499,226.2001503155499,-24.622896456037278,-24.622896456037278,-24.622896456037278,-24.622896456037278,-24.622896456037278,-24.622896456037278,0.0,0.0,0.0,201.57725385951264
2018-03-12,226.1878541423407,171.06672602024597,319.94117756971656,226.1878541423407,226.1878541423407,21.636488223405028,21.636488223405028,21.636488223405028,21.636488223405028,21.636488223405028,21.636488223405028,0.0,0.0,0.0,247.82434236574574
2018-03-13,226.1755579691315,167.2076422719657,323.21751037815994,226.1755579691315,226.1755579691315,19.32097571963763,19.32097571963763,19.32097571963763,19.32097571963763,19.32097571963763,19.32097571963763,0.0,0.0,0.0,245.49653368876912
2018-03-14,226.1632617959223,164.0771509769311,318.15765435712575,226.1632617959223,226.1632617959223,14.139579247710373,14.139579247710373,14.139579247710373,14.139579247710373,14.139579247710373,14.139579247710373,0.0,0.0,0.0,240.30284104363267
2018-03-15,226.15096562271307,161.94808154206333,311.94530580927403,226.15096562271307,226.15096562271307,7.1645691850064495,7.1645691850064495,7.1645691850064495,7.1645691850064495,7.1645691850064495,7.1645691850064495,0.0,0.0,0.0,233.31553480771953
2018-03-16,226.13866944950388,155.30542251335237,303.0727862909008,226.13866944950388,226.13866944950388,-0.8780983364247174,-0.8780983364247174,-0.8780983364247174,-0.8780983364247174,-0.8780983364247174,-0.8780983364247174,0.0,0.0,0.0,225.26057111307915
2018-03-17,226.1263732762947,115.75544440437831,262.90163029315227,226.1263732762947,226.1263732762947,-36.7606175833364,-36.7606175833364,-36.7606175833364,-36.7606175833364,-36.7606175833364,-36.7606175833364,0.0,0.0,0.0,189.3657556929583
2018-03-18,226.11407710308546,128.7715613149857,283.1083852870855,226.11407710308546,226.11407710308546,-24.6228964561299,-24.6228964561299,-24.6228964561299,-24.6228964561299,-24.6228964561299,-24.6228964561299,0.0,0.0,0.0,201.49118064695557
2018-03-19,226.10178092987627,167.714568029397,325.2105949317117,226.10178092987627,226.10178092987627,21.636488223399382,21.636488223399382,21.636488223399382,21.636488223399382,21.636488223399382,21.636488223399382,0.0,0.0,0.0,247.73826915327567
2018-03-20,226.089484756667,160.8282732279811,319.40779207028396,226.089484756667,226.089484756667,19.320975719637797,19.320975719637797,19.320975719637797,19.320975719637797,19.320975719637797,19.320975719637797,0.0,0.0,0.0,245.4104604763048
2018-03-21,225.96726253097953,157.61998754214295,318.88861643399935,225.96726253097953,225.96726253097953,14.139579247706004,14.139579247706004,14.139579247706004,14.139579247706004,14.139579247706004,14.139579247706004,0.0,0.0,0.0,240.10684177868552
2018-03-22,225.84504030529206,161.41740336492262,304.51026496528465,225.84504030529206,225.84504030529206,7.164569184994963,7.164569184994963,7.164569184994963,7.164569184994963,7.164569184994963,7.164569184994963,0.0,0.0,0.0,233.00960949028703
2018-03-23,225.7228180796046,148.1767979562232,304.70975023645616,225.7228180796046,225.7228180796046,-0.8780983364269543,-0.8780983364269543,-0.8780983364269543,-0.8780983364269543,-0.8780983364269543,-0.8780983364269543,0.0,0.0,0.0,224.84471974317765
2018-03-24,225.60059585391716,114.54791778097336,266.82736265528206,225.60059585391716,225.60059585391716,-36.76061758330566,-36.76061758330566,-36.76061758330566,-36.76061758330566,-36.76061758330566,-36.76061758330566,0.0,0.0,0.0,188.83997827061148
2018-03-25,225.4783736282297,123.82702086889418,278.22618859061527,225.4783736282297,225.4783736282297,-24.622896456074624,-24.622896456074624,-24.622896456074624,-24.622896456074624,-24.622896456074624,-24.622896456074624,0.0,0.0,0.0,200.85547717215508
2018-03-26,225.35615140254222,172.62687589421358,327.00951969054086,225.35615140254222,225.35615140254222,21.636488223400665,21.636488223400665,21.636488223400665,21.636488223400665,21.636488223400665,21.636488223400665,0.0,0.0,0.0,246.9926396259429
2018-03-27,225.23392917685476,174.02946066387912,322.575988126066,225.23392917685476,225.23392917685476,19.32097571962367,19.32097571962367,19.32097571962367,19.32097571962367,19.32097571962367,19.32097571962367,0.0,0.0,0.0,244.55490489647843
2018-03-28,225.1117069511673,159.61796806828707,308.0516127976514,225.1117069511673,225.1117069511673,14.13957924771302,14.13957924771302,14.13957924771302,14.13957924771302,14.13957924771302,14.13957924771302,0.0,0.0,0.0,239.2512861988803
2018-03-29,224.98948472547983,151.41547988087407,308.148421703125,224.98948472547983,224.98948472547983,7.164569185013059,7.164569185013059,7.164569185013059,7.164569185013059,7.164569185013059,7.164569185013059,0.0,0.0,0.0,232.15405391049288
2018-03-30,224.86726249979236,145.4194483866335,299.1048434225638,224.86726249979236,224.86726249979236,-0.878098336419465,-0.878098336419465,-0.878098336419465,-0.878098336419465,-0.878098336419465,-0.878098336419465,0.0,0.0,0.0,223.9891641633729
2018-03-31,224.74504027410487,111.58848712149776,266.4456117248288,224.74504027410487,224.74504027410487,-36.76061758334532,-36.76061758334532,-36.76061758334532,-36.76061758334532,-36.76061758334532,-36.76061758334532,0.0,0.0,0.0,187.98442269075954
2018-04-01,224.6228180484174,121.70703064214503,274.51805820311233,224.6228180484174,224.6228180484174,-24.622896456053333,-24.622896456053333,-24.622896456053333,-24.622896456053333,-24.622896456053333,-24.622896456053333,0.0,0.0,0.0,199.99992159236407
2018-04-02,224.50059582272993,167.5636476811377,319.9303832720974,224.50059582272993,224.50059582272993,21.636488223401944,21.636488223401944,21.636488223401944,21.636488223401944,21.636488223401944,21.636488223401944,0.0,0.0,0.0,246.1370840461319
2018-04-03,224.37837359704247,171.04161818693723,319.39547302471885,224.37837359704247,224.37837359704247,19.320975719623842,19.320975719623842,19.320975719623842,19.320975719623842,19.320975719623842,19.320975719623842,0.0,0.0,0.0,243.69934931666631
2018-04-04,224.256151371355,161.10848747390054,315.36904004524536,224.256151371355,224.256151371355,14.139579247720032,14.139579247720032,14.139579247720032,14.139579247720032,14.139579247720032,14.139579247720032,0.0,0.0,0.0,238.39573061907504
2018-04-05,224.13392914566754,154.14269277761397,306.7287842401261,224.13392914566754,224.13392914566754,7.16456918500157,7.16456918500157,7.16456918500157,7.16456918500157,7.16456918500157,7.16456918500157,0.0,0.0,0.0,231.2984983306691
2018-04-06,224.0117069199801,144.17529692298072,308.325016838532,224.0117069199801,224.0117069199801,-0.8780983364217064,-0.8780983364217064,-0.8780983364217064,-0.8780983364217064,-0.8780983364217064,-0.8780983364217064,0.0,0.0,0.0,223.13360858355838
2018-04-07,223.88948469429263,115.39393308019208,267.18776465759294,223.88948469429263,223.88948469429263,-36.76061758335052,-36.76061758335052,-36.76061758335052,-36.76061758335052,-36.76061758335052,-36.76061758335052,0.0,0.0,0.0,187.1288671109421
2018-04-08,223.7672624686052,123.57382328772272,270.82145147600636,223.7672624686052,223.7672624686052,-24.62289645599806,-24.62289645599806,-24.62289645599806,-24.62289645599806,-24.62289645599806,-24.62289645599806,0.0,0.0,0.0,199.14436601260712
2018-04-09,223.62622080261337,179.7059764489863,323.85609985848214,223.62622080261337,223.62622080261337,21.636488223396302,21.636488223396302,21.636488223396302,21.636488223396302,21.636488223396302,21.636488223396302,0.0,0.0,0.0,245.26270902600967
2018-04-10,223.48517913662155,166.8074413796007,314.1305372151067,223.48517913662155,223.48517913662155,19.32097571962536,19.32097571962536,19.32097571962536,19.32097571962536,19.32097571962536,19.32097571962536,0.0,0.0,0.0,242.8061548562469
2018-04-11,223.34413747062976,164.88229350176115,312.3063019766854,223.34413747062976,223.34413747062976,14.13957924771567,14.13957924771567,14.13957924771567,14.13957924771567,14.13957924771567,14.13957924771567,0.0,0.0,0.0,237.48371671834542
2018-04-12,223.20309580463794,151.40806483863892,307.45360380201106,223.20309580463794,223.20309580463794,7.1645691850062345,7.1645691850062345,7.1645691850062345,7.1645691850062345,7.1645691850062345,7.1645691850062345,0.0,0.0,0.0,230.36766498964417
2018-04-13,223.0620541386461,144.16792472287156,297.6579092650952,223.0620541386461,223.0620541386461,-0.8780983364239449,-0.8780983364239449,-0.8780983364239449,-0.8780983364239449,-0.8780983364239449,-0.8780983364239449,0.0,0.0,0.0,222.18395580222216
2018-04-14,222.9210124726543,117.6810546801501,264.50351241174604,222.9210124726543,222.9210124726543,-36.760617583283846,-36.760617583283846,-36.760617583283846,-36.760617583283846,-36.760617583283846,-36.760617583283846,0.0,0.0,0.0,186.16039488937045
2018-04-15,222.7799708066625,123.47251212973599,277.4543550524563,222.7799708066625,222.7799708066625,-24.6228964560567,-24.6228964560567,-24.6228964560567,-24.6228964560567,-24.6228964560567,-24.6228964560567,0.0,0.0,0.0,198.1570743506058
2018-04-16,222.63892914067068,169.3592627023503,317.8368671449063,222.63892914067068,222.63892914067068,21.636488223397578,21.636488223397578,21.636488223397578,21.636488223397578,21.636488223397578,21.636488223397578,0.0,0.0,0.0,244.27541736406826
2018-04-17,222.49788747467886,164.53612329644267,316.69013640620904,222.49788747467886,222.49788747467886,19.320975719625526,19.320975719625526,19.320975719625526,19.320975719625526,19.320975719625526,19.320975719625526,0.0,0.0,0.0,241.81886319430438
2018-04-18,222.35684580868707,153.53393600063313,313.3469556550185,222.35684580868707,222.35684580868707,14.1395792477113,14.1395792477113,14.1395792477113,14.1395792477113,14.1395792477113,14.1395792477113,0.0,0.0,0.0,236.49642505639838
2018-04-19,222.21580414269525,157.88109140974856,305.8427521513696,222.21580414269525,222.21580414269525,7.164569184994748,7.164569184994748,7.164569184994748,7.164569184994748,7.164569184994748,7.164569184994748,0.0,0.0,0.0,229.38037332769
2018-04-20,222.0747624767034,144.521979214448,298.66316218531705,222.0747624767034,222.0747624767034,-0.878098336416456,-0.878098336416456,-0.878098336416456,-0.878098336416456,-0.878098336416456,-0.878098336416456,0.0,0.0,0.0,221.19666414028694
2018-04-21,221.9337208107116,106.42180020265498,262.50843185618317,221.9337208107116,221.9337208107116,-36.76061758325463,-36.76061758325463,-36.76061758325463,-36.76061758325463,-36.76061758325463,-36.76061758325463,0.0,0.0,0.0,185.17310322745698
2018-04-22,221.7926791447198,121.23243219935502,279.60936775970623,221.7926791447198,221.7926791447198,-24.622896456035413,-24.622896456035413,-24.622896456035413,-24.622896456035413,-24.622896456035413,-24.622896456035413,0.0,0.0,0.0,197.1697826886844
2018-04-23,221.651637478728,165.03151771632378,322.9084935162043,221.651637478728,221.651637478728,21.636488223425648,21.636488223425648,21.636488223425648,21.636488223425648,21.636488223425648,21.636488223425648,0.0,0.0,0.0,243.28812570215365
2018-04-24,221.51059581273614,165.19919163829294,318.22107206803105,221.51059581273614,221.51059581273614,19.320975719627043,19.320975719627043,19.320975719627043,19.320975719627043,19.320975719627043,19.320975719627043,0.0,0.0,0.0,240.83157153236317
2018-04-25,221.36955414674435,152.89106126132125,309.26217417211734,221.36955414674435,221.36955414674435,14.139579247719341,14.139579247719341,14.139579247719341,14.139579247719341,14.139579247719341,14.139579247719341,0.0,0.0,0.0,235.5091333944637
2018-04-26,221.22851248075256,152.32960509215758,303.0983643343991,221.22851248075256,221.22851248075256,7.164569184996693,7.164569184996693,7.164569184996693,7.164569184996693,7.164569184996693,7.164569184996693,0.0,0.0,0.0,228.39308166574924
2018-04-27,221.08747081476074,137.537023398692,305.80077996216556,221.08747081476074,221.08747081476074,-0.8780983364186974,-0.8780983364186974,-0.8780983364186974,-0.8780983364186974,-0.8780983364186974,-0.8780983364186974,0.0,0.0,0.0,220.20937247834203
2018-04-28,220.9464291487689,106.54641266653891,257.6432019157314,220.9464291487689,220.9464291487689,-36.76061758329427,-36.76061758329427,-36.76061758329427,-36.76061758329427,-36.76061758329427,-36.76061758329427,0.0,0.0,0.0,184.18581156547464
2018-04-29,220.80538740500347,122.96549714561421,278.4589274170825,220.80538740500347,220.80538740500347,-24.622896456014118,-24.622896456014118,-24.622896456014118,-24.622896456014118,-24.622896456014118,-24.622896456014118,0.0,0.0,0.0,196.18249094898937
2018-04-30,220.66434566123803,167.52296098276315,318.53751687431816,220.66434566123803,220.66434566123803,21.63648822342693,21.63648822342693,21.63648822342693,21.63648822342693,21.63648822342693,21.63648822342693,0.0,0.0,0.0,242.30083388466497
2018-05-01,220.52330391747256,171.19065235732535,311.1902873427003,220.52330391747256,220.52330391747256,19.320975719657152,19.320975719657152,19.320975719657152,19.320975719657152,19.320975719657152,19.320975719657152,0.0,0.0,0.0,239.84427963712972
2018-05-02,220.3822621737071,162.24411619263557,314.5077014847332,220.3822621737071,220.3822621737071,14.139579247713947,14.139579247713947,14.139579247713947,14.139579247713947,14.139579247713947,14.139579247713947,0.0,0.0,0.0,234.52184142142104
2018-05-03,220.24122042994165,150.09761614794866,303.9602535942278,220.24122042994165,220.24122042994165,7.164569185001356,7.164569185001356,7.164569185001356,7.164569185001356,7.164569185001356,7.164569185001356,0.0,0.0,0.0,227.40578961494302
2018-05-04,220.1001786861762,141.1824100009616,294.3929365105333,220.1001786861762,220.1001786861762,-0.8780983364490099,-0.8780983364490099,-0.8780983364490099,-0.8780983364490099,-0.8780983364490099,-0.8780983364490099,0.0,0.0,0.0,219.2220803497272
2018-05-05,219.95913694241077,98.42134200685916,251.71949082767617,219.95913694241077,219.95913694241077,-36.760617583299485,-36.760617583299485,-36.760617583299485,-36.760617583299485,-36.760617583299485,-36.760617583299485,0.0,0.0,0.0,183.1985193591113
2018-05-06,219.81809519864527,125.89234012360306,272.31717584362445,219.81809519864527,219.81809519864527,-24.622896456038784,-24.622896456038784,-24.622896456038784,-24.622896456038784,-24.622896456038784,-24.622896456038784,0.0,0.0,0.0,195.1951987426065
2018-05-07,219.67705345487985,162.74306279755388,311.92965007048593,219.67705345487985,219.67705345487985,21.636488223394498,21.636488223394498,21.636488223394498,21.636488223394498,21.636488223394498,21.636488223394498,0.0,0.0,0.0,241.31354167827436
2018-05-08,219.53601171111438,161.87036726071716,315.541490411865,219.53601171111438,219.53601171111438,19.320975719657323,19.320975719657323,19.320975719657323,19.320975719657323,19.320975719657323,19.320975719657323,0.0,0.0,0.0,238.8569874307717
2018-05-09,219.39496996734894,159.5232842192414,308.17089351096456,219.39496996734894,219.39496996734894,14.139579247710607,14.139579247710607,14.139579247710607,14.139579247710607,14.139579247710607,14.139579247710607,0.0,0.0,0.0,233.53454921505954
2018-05-10,219.25392822358347,153.35546563187907,305.58062052683283,219.25392822358347,219.25392822358347,7.16456918500602,7.16456918500602,7.16456918500602,7.16456918500602,7.16456918500602,7.16456918500602,0.0,0.0,0.0,226.4184974085895
2018-05-11,219.11288647981803,141.37388280777847,299.986084525632,219.11288647981803,219.11288647981803,-0.8780983363475662,-0.8780983363475662,-0.8780983363475662,-0.8780983363475662,-0.8780983363475662,-0.8780983363475662,0.0,0.0,0.0,218.23478814347047
2018-05-12,218.9718447360526,104.05411067390762,254.95506912770838,218.9718447360526,218.9718447360526,-36.7606175833032,-36.7606175833032,-36.7606175833032,-36.7606175833032,-36.7606175833032,-36.7606175833032,0.0,0.0,0.0,182.2112271527494
2018-05-13,218.83080299228715,115.78283196206812,272.1103845044838,218.83080299228715,218.83080299228715,-24.622896456051464,-24.622896456051464,-24.622896456051464,-24.622896456051464,-24.622896456051464,-24.622896456051464,0.0,0.0,0.0,194.20790653623567
2018-05-14,218.68976124852165,168.2703495180373,321.8403032920191,218.68976124852165,218.68976124852165,21.636488223422564,21.636488223422564,21.636488223422564,21.636488223422564,21.636488223422564,21.636488223422564,0.0,0.0,0.0,240.3262494719442
2018-05-15,218.54871950475624,162.69639836217638,315.52042608666534,218.54871950475624,218.54871950475624,19.3209757196289,19.3209757196289,19.3209757196289,19.3209757196289,19.3209757196289,19.3209757196289,0.0,0.0,0.0,237.86969522438514
2018-05-16,218.40767776099074,151.14309408166426,308.1117698028517,218.40767776099074,218.40767776099074,14.139579247706234,14.139579247706234,14.139579247706234,14.139579247706234,14.139579247706234,14.139579247706234,0.0,0.0,0.0,232.54725700869696
2018-05-17,218.26663601722532,148.07916326839492,302.49570326378944,218.26663601722532,218.26663601722532,7.164569184991815,7.164569184991815,7.164569184991815,7.164569184991815,7.164569184991815,7.164569184991815,0.0,0.0,0.0,225.43120520221714
2018-05-18,218.12559427345982,142.19970343633437,290.2403833867837,218.12559427345982,218.12559427345982,-0.8780983363778816,-0.8780983363778816,-0.8780983363778816,-0.8780983363778816,-0.8780983363778816,-0.8780983363778816,0.0,0.0,0.0,217.24749593708194
2018-05-19,217.9845525296944,102.18575099497822,256.5581320477833,217.9845525296944,217.9845525296944,-36.76061758334286,-36.76061758334286,-36.76061758334286,-36.76061758334286,-36.76061758334286,-36.76061758334286,0.0,0.0,0.0,181.22393494635156
2018-05-20,217.84351078592894,118.01736063877753,267.317113508234,217.84351078592894,217.84351078592894,-24.622896455996194,-24.622896455996194,-24.622896455996194,-24.622896455996194,-24.622896455996194,-24.622896455996194,0.0,0.0,0.0,193.22061432993274
2018-05-21,217.7024690421635,152.29712006008936,306.6982634338649,217.7024690421635,217.7024690421635,21.636488223450634,21.636488223450634,21.636488223450634,21.636488223450634,21.636488223450634,21.636488223450634,0.0,0.0,0.0,239.33895726561414
2018-05-22,217.56142729839803,156.61141909896128,317.35758419810793,217.56142729839803,217.56142729839803,19.320975719659014,19.320975719659014,19.320975719659014,19.320975719659014,19.320975719659014,19.320975719659014,0.0,0.0,0.0,236.88240301805703
2018-05-23,217.42038555463262,151.14082365879872,305.6447930560272,217.42038555463262,217.42038555463262,14.13957924771428,14.13957924771428,14.13957924771428,14.13957924771428,14.13957924771428,14.13957924771428,0.0,0.0,0.0,231.55996480234688
2018-05-24,217.27934381086712,152.298278582819,304.2182429260511,217.27934381086712,217.27934381086712,7.164569185012629,7.164569185012629,7.164569185012629,7.164569185012629,7.164569185012629,7.164569185012629,0.0,0.0,0.0,224.44391299587974
2018-05-25,217.1383020671017,143.92804359848185,293.2644163052326,217.1383020671017,217.1383020671017,-0.8780983364081941,-0.8780983364081941,-0.8780983364081941,-0.8780983364081941,-0.8780983364081941,-0.8780983364081941,0.0,0.0,0.0,216.26020373069352
2018-05-26,216.9972603233362,102.78980471050241,261.0621130871659,216.9972603233362,216.9972603233362,-36.760617583313625,-36.760617583313625,-36.760617583313625,-36.760617583313625,-36.760617583313625,-36.760617583313625,0.0,0.0,0.0,180.23664274002257
2018-05-27,216.8562185795708,114.7206429948158,263.1697952598327,216.8562185795708,216.8562185795708,-24.6228964559749,-24.6228964559749,-24.6228964559749,-24.6228964559749,-24.6228964559749,-24.6228964559749,0.0,0.0,0.0,192.23332212359588
2018-05-28,216.71517683580532,160.74316588353807,313.36897857077423,216.71517683580532,216.71517683580532,21.636488223357702,21.636488223357702,21.636488223357702,21.636488223357702,21.636488223357702,21.636488223357702,0.0,0.0,0.0,238.35166505916303
2018-05-29,216.57413509203988,154.13078496120914,309.59581074457867,216.57413509203988,216.57413509203988,19.320975719644878,19.320975719644878,19.320975719644878,19.320975719644878,19.320975719644878,19.320975719644878,0.0,0.0,0.0,235.89511081168476
2018-05-30,216.4330933482744,148.1797475758509,296.89390158825466,216.4330933482744,216.4330933482744,14.139579247710937,14.139579247710937,14.139579247710937,14.139579247710937,14.139579247710937,14.139579247710937,0.0,0.0,0.0,230.57267259598535
2018-05-31,216.292051604509,149.1389597072331,299.9143958704934,216.292051604509,216.292051604509,7.164569185001141,7.164569185001141,7.164569185001141,7.164569185001141,7.164569185001141,7.164569185001141,0.0,0.0,0.0,223.45662078951014
2018-06-01,216.1510098607435,136.00385476854188,291.8166294791918,216.1510098607435,216.1510098607435,-0.8780983364385111,-0.8780983364385111,-0.8780983364385111,-0.8780983364385111,-0.8780983364385111,-0.8780983364385111,0.0,0.0,0.0,215.272911524305
2018-06-02,216.0099681169781,97.2228510580445,254.80023712482293,216.0099681169781,216.0099681169781,-36.760617583317334,-36.760617583317334,-36.760617583317334,-36.760617583317334,-36.760617583317334,-36.760617583317334,0.0,0.0,0.0,179.24935053366076
2018-06-03,215.8689263732126,116.52556054464974,265.38724183438774,215.8689263732126,215.8689263732126,-24.622896455999566,-24.622896455999566,-24.622896455999566,-24.622896455999566,-24.622896455999566,-24.622896455999566,0.0,0.0,0.0,191.24602991721304
2018-06-04,215.72788462944717,164.0490787210406,310.9439028096798,215.72788462944717,215.72788462944717,21.636488223385776,21.636488223385776,21.636488223385776,21.636488223385776,21.636488223385776,21.636488223385776,0.0,0.0,0.0,237.36437285283296
2018-06-05,215.5868428856817,158.32648978642402,314.41105637824586,215.5868428856817,215.5868428856817,19.320975719630756,19.320975719630756,19.320975719630756,19.320975719630756,19.320975719630756,19.320975719630756,0.0,0.0,0.0,234.90781860531246
2018-06-06,215.44580114191626,158.52641838578285,304.663498637171,215.44580114191626,215.44580114191626,14.13957924770554,14.13957924770554,14.13957924770554,14.13957924770554,14.13957924770554,14.13957924770554,0.0,0.0,0.0,229.5853803896218
2018-06-07,215.3047593981508,141.9599223472069,300.9676777533675,215.3047593981508,215.3047593981508,7.164569185016519,7.164569185016519,7.164569185016519,7.164569185016519,7.164569185016519,7.164569185016519,0.0,0.0,0.0,222.4693285831673
2018-06-08,215.16371765438535,137.68039759164327,288.00236125503534,215.16371765438535,215.16371765438535,-0.8780983363748717,-0.8780983363748717,-0.8780983363748717,-0.8780983363748717,-0.8780983363748717,-0.8780983363748717,0.0,0.0,0.0,214.28561931801048
2018-06-09,215.02267591061988,101.68358769871834,255.48956340135607,215.02267591061988,215.02267591061988,-36.76061758332254,-36.76061758332254,-36.76061758332254,-36.76061758332254,-36.76061758332254,-36.76061758332254,0.0,0.0,0.0,178.26205832729732
2018-06-10,214.88163416685444,117.74626353245962,270.8869847886979,214.88163416685444,214.88163416685444,-24.62289645594429,-24.62289645594429,-24.62289645594429,-24.62289645594429,-24.62289645594429,-24.62289645594429,0.0,0.0,0.0,190.25873771091014
2018-06-11,214.74059242308897,158.97781071051875,314.24210690863447,214.74059242308897,214.74059242308897,21.63648822338705,21.63648822338705,21.63648822338705,21.63648822338705,21.63648822338705,21.63648822338705,0.0,0.0,0.0,236.37708064647603
2018-06-12,214.59955067932356,154.41233733568814,306.80900502549383,214.59955067932356,214.59955067932356,19.320975719616623,19.320975719616623,19.320975719616623,19.320975719616623,19.320975719616623,19.320975719616623,0.0,0.0,0.0,233.92052639894018
2018-06-13,214.45850893555806,154.1534930702614,309.633534504252,214.45850893555806,214.45850893555806,14.139579247713588,14.139579247713588,14.139579247713588,14.139579247713588,14.139579247713588,14.139579247713588,0.0,0.0,0.0,228.59808818327164
2018-06-14,214.31746719179262,147.92341504255506,295.4525267239021,214.31746719179262,214.31746719179262,7.164569185005033,7.164569185005033,7.164569185005033,7.164569185005033,7.164569185005033,7.164569185005033,0.0,0.0,0.0,221.48203637679765
2018-06-15,214.17642544802717,136.16117786590277,292.3907949225371,214.17642544802717,214.17642544802717,-0.8780983364051846,-0.8780983364051846,-0.8780983364051846,-0.8780983364051846,-0.8780983364051846,-0.8780983364051846,0.0,0.0,0.0,213.298327111622
2018-06-16,214.03538370426173,104.51568018713813,246.0588606558986,214.03538370426173,214.03538370426173,-36.760617583327765,-36.760617583327765,-36.760617583327765,-36.760617583327765,-36.760617583327765,-36.760617583327765,0.0,0.0,0.0,177.27476612093398
2018-06-17,213.89434196049626,115.84860502195802,258.07488205335017,213.89434196049626,213.89434196049626,-24.622896455956973,-24.622896455956973,-24.622896455956973,-24.622896455956973,-24.622896455956973,-24.622896455956973,0.0,0.0,0.0,189.2714455045393
2018-06-18,213.7533002167308,160.8585330597125,308.1503180133181,213.7533002167308,213.7533002167308,21.636488223381413,21.636488223381413,21.636488223381413,21.636488223381413,21.636488223381413,21.636488223381413,0.0,0.0,0.0,235.3897884401122
2018-06-19,213.61225847296535,147.91266109943047,312.1256501706509,213.61225847296535,213.61225847296535,19.320975719646736,19.320975719646736,19.320975719646736,19.320975719646736,19.320975719646736,19.320975719646736,0.0,0.0,0.0,232.93323419261208
2018-06-20,213.4712167291999,148.1694779583193,305.5977878940006,213.4712167291999,213.4712167291999,14.13957924770922,14.13957924770922,14.13957924770922,14.13957924770922,14.13957924770922,14.13957924770922,0.0,0.0,0.0,227.61079597690912
2018-06-21,213.33017498543444,145.92166278070064,297.4206398739839,213.33017498543444,213.33017498543444,7.164569185009697,7.164569185009697,7.164569185009697,7.164569185009697,7.164569185009697,7.164569185009697,0.0,0.0,0.0,220.49474417044414
2018-06-22,213.189133241669,138.43291367493057,289.75310422311287,213.189133241669,213.189133241669,-0.8780983364074281,-0.8780983364074281,-0.8780983364074281,-0.8780983364074281,-0.8780983364074281,-0.8780983364074281,0.0,0.0,0.0,212.31103490526158
2018-06-23,213.04809149790356,106.42773117261254,254.7997595727706,213.04809149790356,213.04809149790356,-36.76061758333298,-36.76061758333298,-36.76061758333298,-36.76061758333298,-36.76061758333298,-36.76061758333298,0.0,0.0,0.0,176.28747391457057
2018-06-24,212.9070497541381,110.8705303156377,264.2967821463463,212.9070497541381,212.9070497541381,-24.622896456129535,-24.622896456129535,-24.622896456129535,-24.622896456129535,-24.622896456129535,-24.622896456129535,0.0,0.0,0.0,188.28415329800856
2018-06-25,212.76600801037264,154.75999830087395,308.3259575743104,212.76600801037264,212.76600801037264,21.63648822338269,21.63648822338269,21.63648822338269,21.63648822338269,21.63648822338269,21.63648822338269,0.0,0.0,0.0,234.40249623375533
2018-06-26,212.62496626660717,153.53578034597007,309.4740470223449,212.62496626660717,212.62496626660717,19.32097571963261,19.32097571963261,19.32097571963261,19.32097571963261,19.32097571963261,19.32097571963261,0.0,0.0,0.0,231.94594198623977
2018-06-27,212.48392452284173,151.46715928483178,304.9306029460365,212.48392452284173,212.48392452284173,14.13957924770485,14.13957924770485,14.13957924770485,14.13957924770485,14.13957924770485,14.13957924770485,0.0,0.0,0.0,226.6235037705466
2018-06-28,212.3428827790763,140.60939862761273,293.84001072041553,212.3428827790763,212.3428827790763,7.16456918501436,7.16456918501436,7.16456918501436,7.16456918501436,7.16456918501436,7.16456918501436,0.0,0.0,0.0,219.50745196409065
2018-06-29,212.20184103531082,136.36496537383098,288.3540060588282,212.20184103531082,212.20184103531082,-0.8780983363999373,-0.8780983363999373,-0.8780983363999373,-0.8780983363999373,-0.8780983363999373,-0.8780983363999373,0.0,0.0,0.0,211.32374269891088
2018-06-30,212.06079929154538,101.76330971680622,245.60247967473052,212.06079929154538,212.06079929154538,-36.76061758333668,-36.76061758333668,-36.76061758333668,-36.76061758333668,-36.76061758333668,-36.76061758333668,0.0,0.0,0.0,175.3001817082087
2018-07-01,211.9197575477799,115.60354893474192,264.6765852899179,211.9197575477799,211.9197575477799,-24.622896456074265,-24.622896456074265,-24.622896456074265,-24.622896456074265,-24.622896456074265,-24.622896456074265,0.0,0.0,0.0,187.29686109170564
2018-07-02,211.77871580401447,151.80294576081602,308.0659667254923,211.77871580401447,211.77871580401447,21.636488223410762,21.636488223410762,21.636488223410762,21.636488223410762,21.636488223410762,21.636488223410762,0.0,0.0,0.0,233.41520402742523
2018-07-03,211.63767406024903,155.72440330156087,307.53854284173656,211.63767406024903,211.63767406024903,19.32097571963278,19.32097571963278,19.32097571963278,19.32097571963278,19.32097571963278,19.32097571963278,0.0,0.0,0.0,230.9586497798818
2018-07-04,211.49663231648356,147.2517030300934,302.4079445093364,211.49663231648356,211.49663231648356,14.139579247700484,14.139579247700484,14.139579247700484,14.139579247700484,14.139579247700484,14.139579247700484,0.0,0.0,0.0,225.63621156418404
2018-07-05,211.3555905727181,143.10747084740873,298.0195445469632,211.3555905727181,211.3555905727181,7.164569185016304,7.164569185016304,7.164569185016304,7.164569185016304,7.164569185016304,7.164569185016304,0.0,0.0,0.0,218.5201597577344
2018-07-06,211.21454882895264,137.59281324256085,291.9173079327326,211.21454882895264,211.21454882895264,-0.8780983364021763,-0.8780983364021763,-0.8780983364021763,-0.8780983364021763,-0.8780983364021763,-0.8780983364021763,0.0,0.0,0.0,210.33645049255045
2018-07-07,211.0735070851872,99.01580957141577,250.767234567493,211.0735070851872,211.0735070851872,-36.7606175833419,-36.7606175833419,-36.7606175833419,-36.7606175833419,-36.7606175833419,-36.7606175833419,0.0,0.0,0.0,174.3128895018453
2018-07-08,210.93246534142176,108.95144528007502,260.7839329918933,210.93246534142176,210.93246534142176,-24.62289645601899,-24.62289645601899,-24.62289645601899,-24.62289645601899,-24.62289645601899,-24.62289645601899,0.0,0.0,0.0,186.30956888540277
2018-07-09,210.7914235976563,158.34237198531653,307.38386100442835,210.7914235976563,210.7914235976563,21.63648822343883,21.63648822343883,21.63648822343883,21.63648822343883,21.63648822343883,21.63648822343883,0.0,0.0,0.0,232.4279118210951
2018-07-10,210.65038185389085,149.06289582077613,300.2453955678503,210.65038185389085,210.65038185389085,19.320975719634298,19.320975719634298,19.320975719634298,19.320975719634298,19.320975719634298,19.320975719634298,0.0,0.0,0.0,229.97135757352515
2018-07-11,210.5093401101254,147.7060042591868,296.0404815315016,210.5093401101254,210.5093401101254,14.139579247718888,14.139579247718888,14.139579247718888,14.139579247718888,14.139579247718888,14.139579247718888,0.0,0.0,0.0,224.6489193578443
2018-07-12,210.3682983663599,140.65441109624535,293.3506077992524,210.3682983663599,210.3682983663599,7.164569185004818,7.164569185004818,7.164569185004818,7.164569185004818,7.164569185004818,7.164569185004818,0.0,0.0,0.0,217.53286755136472
2018-07-13,210.2272566225945,128.08550700439392,283.6060035972526,210.2272566225945,210.2272566225945,-0.8780983364324892,-0.8780983364324892,-0.8780983364324892,-0.8780983364324892,-0.8780983364324892,-0.8780983364324892,0.0,0.0,0.0,209.349158286162
2018-07-14,210.08621487882903,91.6086847732232,250.63832595268974,210.08621487882903,210.08621487882903,-36.76061758338155,-36.76061758338155,-36.76061758338155,-36.76061758338155,-36.76061758338155,-36.76061758338155,0.0,0.0,0.0,173.32559729544747
2018-07-15,209.94517313506358,112.65101974591681,265.1871324379076,209.94517313506358,209.94517313506358,-24.622896456077633,-24.622896456077633,-24.622896456077633,-24.622896456077633,-24.622896456077633,-24.622896456077633,0.0,0.0,0.0,185.32227667898596
2018-07-16,209.80413139129809,157.71544172216804,307.1920828459966,209.80413139129809,209.80413139129809,21.6364882234064,21.6364882234064,21.6364882234064,21.6364882234064,21.6364882234064,21.6364882234064,0.0,0.0,0.0,231.44061961470447
2018-07-17,209.66308964753267,152.9055866728646,305.8120779889616,209.66308964753267,209.66308964753267,19.32097571963447,19.32097571963447,19.32097571963447,19.32097571963447,19.32097571963447,19.32097571963447,0.0,0.0,0.0,228.98406536716715
2018-07-18,209.52204790376723,150.33256124106947,297.5434025950431,209.52204790376723,209.52204790376723,14.13957924771452,14.13957924771452,14.13957924771452,14.13957924771452,14.13957924771452,14.13957924771452,0.0,0.0,0.0,223.66162715148175
2018-07-19,209.38100616000176,140.5022991322656,295.69237353275344,209.38100616000176,209.38100616000176,7.16456918499333,7.16456918499333,7.16456918499333,7.16456918499333,7.16456918499333,7.16456918499333,0.0,0.0,0.0,216.5455753449951
2018-07-20,209.2399644162363,127.81159367758453,288.4078089387458,209.2399644162363,209.2399644162363,-0.8780983364628062,-0.8780983364628062,-0.8780983364628062,-0.8780983364628062,-0.8780983364628062,-0.8780983364628062,0.0,0.0,0.0,208.36186607977348
2018-07-21,209.09892267247088,98.11128007730164,244.23536557062414,209.09892267247088,209.09892267247088,-36.760617583245995,-36.760617583245995,-36.760617583245995,-36.760617583245995,-36.760617583245995,-36.760617583245995,0.0,0.0,0.0,172.3383050892249
2018-07-22,208.9578809287054,104.79501269839626,260.1913011966813,208.9578809287054,208.9578809287054,-24.622896456056335,-24.622896456056335,-24.622896456056335,-24.622896456056335,-24.622896456056335,-24.622896456056335,0.0,0.0,0.0,184.33498447264907
2018-07-23,208.81683918493997,151.5834594023741,310.715030489014,208.81683918493997,208.81683918493997,21.636488223407675,21.636488223407675,21.636488223407675,21.636488223407675,21.636488223407675,21.636488223407675,0.0,0.0,0.0,230.45332740834763
2018-07-24,208.67579744117447,152.2430027321587,305.7145257725809,208.67579744117447,208.67579744117447,19.320975719620336,19.320975719620336,19.320975719620336,19.320975719620336,19.320975719620336,19.320975719620336,0.0,0.0,0.0,227.99677316079482
2018-07-25,208.53475569740905,143.5029045005824,293.28024389266,208.53475569740905,208.53475569740905,14.139579247711177,14.139579247711177,14.139579247711177,14.139579247711177,14.139579247711177,14.139579247711177,0.0,0.0,0.0,222.67433494512022
2018-07-26,208.39371395364358,138.7559937926999,291.7244468992285,208.39371395364358,208.39371395364358,7.164569184995277,7.164569184995277,7.164569184995277,7.164569184995277,7.164569184995277,7.164569184995277,0.0,0.0,0.0,215.55828313863887
2018-07-27,208.25267220987814,125.2220987194485,283.61541879936414,208.25267220987814,208.25267220987814,-0.8780983364272413,-0.8780983364272413,-0.8780983364272413,-0.8780983364272413,-0.8780983364272413,-0.8780983364272413,0.0,0.0,0.0,207.3745738734509
2018-07-28,208.11163046611267,93.9052594696355,249.6678533066676,208.11163046611267,208.11163046611267,-36.760617583285644,-36.760617583285644,-36.760617583285644,-36.760617583285644,-36.760617583285644,-36.760617583285644,0.0,0.0,0.0,171.35101288282704
2018-07-29,207.97058872234726,112.53548637410168,258.61967884304653,207.97058872234726,207.97058872234726,-24.622896456035043,-24.622896456035043,-24.622896456035043,-24.622896456035043,-24.622896456035043,-24.622896456035043,0.0,0.0,0.0,183.3476922663122
2018-07-30,207.82954697858176,160.32845849267218,302.8456313794079,207.82954697858176,207.82954697858176,21.636488223408954,21.636488223408954,21.636488223408954,21.636488223408954,21.636488223408954,21.636488223408954,0.0,0.0,0.0,229.4660352019907
2018-07-31,207.68850523481635,150.5918352890709,307.7210485030552,207.68850523481635,207.68850523481635,19.320975719606214,19.320975719606214,19.320975719606214,19.320975719606214,19.320975719606214,19.320975719606214,0.0,0.0,0.0,227.00948095442257
2018-08-01,207.54746349105085,154.1799945450031,294.82594953819586,207.54746349105085,207.54746349105085,14.13957924771717,14.13957924771717,14.13957924771717,14.13957924771717,14.13957924771717,14.13957924771717,0.0,0.0,0.0,221.687042738768
2018-08-02,207.40642174728544,134.6742574028802,287.7749041773194,207.40642174728544,207.40642174728544,7.164569184999939,7.164569184999939,7.164569184999939,7.164569184999939,7.164569184999939,7.164569184999939,0.0,0.0,0.0,214.57099093228538
2018-08-03,207.26538000351997,128.76154655232224,280.61449774470543,207.26538000351997,207.26538000351997,-0.8780983364294802,-0.8780983364294802,-0.8780983364294802,-0.8780983364294802,-0.8780983364294802,-0.8780983364294802,0.0,0.0,0.0,206.3872816670905
2018-08-04,207.12433825975452,99.68843194108786,241.54246534461475,207.12433825975452,207.12433825975452,-36.76061758329086,-36.76061758329086,-36.76061758329086,-36.76061758329086,-36.76061758329086,-36.76061758329086,0.0,0.0,0.0,170.36372067646366
2018-08-05,206.98329651598905,103.72429978763304,258.77098465141194,206.98329651598905,206.98329651598905,-24.62289645597977,-24.62289645597977,-24.62289645597977,-24.62289645597977,-24.62289645597977,-24.62289645597977,0.0,0.0,0.0,182.36040006000928
2018-08-06,206.8422547722236,156.1164434873796,311.9181787189284,206.8422547722236,206.8422547722236,21.636488223376524,21.636488223376524,21.636488223376524,21.636488223376524,21.636488223376524,21.636488223376524,0.0,0.0,0.0,228.47874299560013
2018-08-07,206.70121302845814,146.0767404780354,301.25762874640975,206.70121302845814,206.70121302845814,19.320975719651965,19.320975719651965,19.320975719651965,19.320975719651965,19.320975719651965,19.320975719651965,0.0,0.0,0.0,226.0221887481101
2018-08-08,206.56017128469273,143.95093276409347,291.5859328899842,206.56017128469273,206.56017128469273,14.139579247713828,14.139579247713828,14.139579247713828,14.139579247713828,14.139579247713828,14.139579247713828,0.0,0.0,0.0,220.69975053240657
2018-08-09,206.41912954092723,131.02475765742025,289.4426426204882,206.41912954092723,206.41912954092723,7.164569185004603,7.164569185004603,7.164569185004603,7.164569185004603,7.164569185004603,7.164569185004603,0.0,0.0,0.0,213.58369872593184
2018-08-10,206.2780877971618,131.48005528962483,282.61896426374346,206.2780877971618,206.2780877971618,-0.8780983364317232,-0.8780983364317232,-0.8780983364317232,-0.8780983364317232,-0.8780983364317232,-0.8780983364317232,0.0,0.0,0.0,205.39998946073007
2018-08-11,206.13704605339632,99.58579456417168,242.66014281311615,206.13704605339632,206.13704605339632,-36.76061758329457,-36.76061758329457,-36.76061758329457,-36.76061758329457,-36.76061758329457,-36.76061758329457,0.0,0.0,0.0,169.37642847010176
2018-08-12,205.9960043096309,104.97979767865988,253.58727345305994,205.9960043096309,205.9960043096309,-24.622896456072393,-24.622896456072393,-24.622896456072393,-24.622896456072393,-24.622896456072393,-24.622896456072393,0.0,0.0,0.0,181.3731078535585
2018-08-13,205.85496256586543,147.78815037908763,298.8288475045924,205.85496256586543,205.85496256586543,21.636488223404587,21.636488223404587,21.636488223404587,21.636488223404587,21.636488223404587,21.636488223404587,0.0,0.0,0.0,227.49145078927003
2018-08-14,205.71392082209996,148.74491972424553,302.6504983174591,205.71392082209996,205.71392082209996,19.320975719637836,19.320975719637836,19.320975719637836,19.320975719637836,19.320975719637836,19.320975719637836,0.0,0.0,0.0,225.0348965417378
2018-08-15,205.57287907833452,147.6767828502218,294.46635331282795,205.57287907833452,205.57287907833452,14.139579247709456,14.139579247709456,14.139579247709456,14.139579247709456,14.139579247709456,14.139579247709456,0.0,0.0,0.0,219.712458326044
2018-08-16,205.4318373345691,138.50339520141063,289.18867743096155,205.4318373345691,205.4318373345691,7.164569184993117,7.164569184993117,7.164569184993117,7.164569184993117,7.164569184993117,7.164569184993117,0.0,0.0,0.0,212.59640651956224
2018-08-17,205.2907955908036,125.13735683157714,278.15250217969486,205.2907955908036,205.2907955908036,-0.8780983363961593,-0.8780983363961593,-0.8780983363961593,-0.8780983363961593,-0.8780983363961593,-0.8780983363961593,0.0,0.0,0.0,204.41269725440745
2018-08-18,205.14975384703817,88.64061401536192,245.522655175517,205.14975384703817,205.14975384703817,-36.76061758329979,-36.76061758329979,-36.76061758329979,-36.76061758329979,-36.76061758329979,-36.76061758329979,0.0,0.0,0.0,168.38913626373838
2018-08-19,205.0087121032727,106.57340798601281,257.44228412658407,205.0087121032727,205.0087121032727,-24.622896456017124,-24.622896456017124,-24.622896456017124,-24.622896456017124,-24.622896456017124,-24.622896456017124,0.0,0.0,0.0,180.38581564725558
2018-08-20,204.86767035950726,149.18755404220516,307.6939585591237,204.86767035950726,204.86767035950726,21.63648822343266,21.63648822343266,21.63648822343266,21.63648822343266,21.63648822343266,21.63648822343266,0.0,0.0,0.0,226.5041585829399
2018-08-21,204.72662861574182,144.88775144809549,302.3222183850022,204.72662861574182,204.72662861574182,19.320975719623707,19.320975719623707,19.320975719623707,19.320975719623707,19.320975719623707,19.320975719623707,0.0,0.0,0.0,224.04760433536552
2018-08-22,204.58558687197635,146.8228407092549,294.1927069571487,204.58558687197635,204.58558687197635,14.139579247717505,14.139579247717505,14.139579247717505,14.139579247717505,14.139579247717505,14.139579247717505,0.0,0.0,0.0,218.72516611969385
2018-08-23,204.4445451282109,134.56355605833852,289.4689444176863,204.4445451282109,204.4445451282109,7.164569185011212,7.164569185011212,7.164569185011212,7.164569185011212,7.164569185011212,7.164569185011212,0.0,0.0,0.0,211.6091143132221
2018-08-24,204.30350338444543,131.34932579285268,277.18737083376817,204.30350338444543,204.30350338444543,-0.8780983364167425,-0.8780983364167425,-0.8780983364167425,-0.8780983364167425,-0.8780983364167425,-0.8780983364167425,0.0,0.0,0.0,203.4254050480287
2018-08-25,204.16246164068,90.40938912801917,242.8932296653021,204.16246164068,204.16246164068,-36.76061758330499,-36.76061758330499,-36.76061758330499,-36.76061758330499,-36.76061758330499,-36.76061758330499,0.0,0.0,0.0,167.401844057375
2018-08-26,204.02141989691455,103.720797381383,260.7586310010049,204.02141989691455,204.02141989691455,-24.62289645599583,-24.62289645599583,-24.62289645599583,-24.62289645599583,-24.62289645599583,-24.62289645599583,0.0,0.0,0.0,179.39852344091872
2018-08-27,203.88037815314908,149.1399658111439,302.0149345950337,203.88037815314908,203.88037815314908,21.636488223433936,21.636488223433936,21.636488223433936,21.636488223433936,21.636488223433936,21.636488223433936,0.0,0.0,0.0,225.516866376583
2018-08-28,203.73933640938364,154.98650119355585,301.09683448173865,203.73933640938364,203.73933640938364,19.320975719653823,19.320975719653823,19.320975719653823,19.320975719653823,19.320975719653823,19.320975719653823,0.0,0.0,0.0,223.06031212903747
2018-08-29,203.59829466561817,142.52508424692687,298.6332708598921,203.59829466561817,203.59829466561817,14.139579247713135,14.139579247713135,14.139579247713135,14.139579247713135,14.139579247713135,14.139579247713135,0.0,0.0,0.0,217.7378739133313
2018-08-30,203.45725292185273,133.92385001734803,284.97018746687627,203.45725292185273,203.45725292185273,7.164569184999726,7.164569184999726,7.164569184999726,7.164569184999726,7.164569184999726,7.164569184999726,0.0,0.0,0.0,210.62182210685245
2018-08-31,203.3162111780873,126.35723981191057,276.8482018313057,203.3162111780873,203.3162111780873,-0.8780983364189815,-0.8780983364189815,-0.8780983364189815,-0.8780983364189815,-0.8780983364189815,-0.8780983364189815,0.0,0.0,0.0,202.4381128416683
2018-09-01,203.1751694343218,93.6564478572137,239.89130941781517,203.1751694343218,203.1751694343218,-36.760617583310214,-36.760617583310214,-36.760617583310214,-36.760617583310214,-36.760617583310214,-36.760617583310214,0.0,0.0,0.0,166.41455185101157
2018-09-02,203.03412769055637,102.38269200386887,251.89548527780946,203.03412769055637,203.03412769055637,-24.622896456020488,-24.622896456020488,-24.622896456020488,-24.622896456020488,-24.622896456020488,-24.622896456020488,0.0,0.0,0.0,178.41123123453588
2018-09-03,202.8930859467909,142.65928548763026,306.2251413439231,202.8930859467909,202.8931203791314,21.636488223367802,21.636488223367802,21.636488223367802,21.636488223367802,21.636488223367802,21.636488223367802,0.0,0.0,0.0,224.5295741701587
2018-09-04,202.75204420302546,147.17745258470498,294.5440859480971,202.75204420302546,202.76051137550476,19.32097571962539,19.32097571962539,19.32097571962539,19.32097571962539,19.32097571962539,19.32097571962539,0.0,0.0,0.0,222.07301992265084
2018-09-05,202.61100245926002,143.3061156505924,293.62697662171934,202.60902477969125,202.62944281296225,14.139579247708761,14.139579247708761,14.139579247708761,14.139579247708761,14.139579247708761,14.139579247708761,0.0,0.0,0.0,216.75058170696877
2018-09-06,202.46996071549455,131.1351905489713,279.4324385535183,202.4565313034664,202.49651510508951,7.16456918500439,7.16456918500439,7.16456918500439,7.16456918500439,7.16456918500439,7.16456918500439,0.0,0.0,0.0,209.63452990049893
2018-09-07,202.3289189717291,127.59859454372551,277.51528068456776,202.30570731420542,202.37135914209298,-0.8780983363553465,-0.8780983363553465,-0.8780983363553465,-0.8780983363553465,-0.8780983363553465,-0.8780983363553465,0.0,0.0,0.0,201.45082063537376
2018-09-08,202.18787722796367,89.76061219195877,243.86727936383724,202.15038067406945,202.2473242535831,-36.760617583313916,-36.760617583313916,-36.760617583313916,-36.760617583313916,-36.760617583313916,-36.760617583313916,0.0,0.0,0.0,165.42725964464975
2018-09-09,202.04683548419817,98.65633977735267,255.20441726685996,201.99305210817607,202.12741933809792,-24.622896455999197,-24.622896455999197,-24.622896455999197,-24.622896455999197,-24.622896455999197,-24.622896455999197,0.0,0.0,0.0,177.42393902819896
2018-09-10,201.90579374043276,145.884980823332,290.09519644879293,201.83731542579585,202.00263549107223,21.636488223369078,21.636488223369078,21.636488223369078,21.636488223369078,21.636488223369078,21.636488223369078,0.0,0.0,0.0,223.54228196380183
2018-09-11,201.7647519966673,150.66626588046583,299.51836516670085,201.6719193159485,201.8837308230573,19.32097571962556,19.32097571962556,19.32097571962556,19.32097571962556,19.32097571962556,19.32097571962556,0.0,0.0,0.0,221.08572771629284
2018-09-12,201.62371025290184,147.3520503218757,291.123446343731,201.5135052401974,201.77175829979672,14.139579247704392,14.139579247704392,14.139579247704392,14.139579247704392,14.139579247704392,14.139579247704392,0.0,0.0,0.0,215.76328950060625
2018-09-13,201.4826685091364,131.38561489167228,285.48233544188275,201.35443460595897,201.65539973206197,7.164569184990184,7.164569184990184,7.164569184990184,7.164569184990184,7.164569184990184,7.164569184990184,0.0,0.0,0.0,208.64723769412657
2018-09-14,201.34162676537093,124.76422050212808,271.2044415502223,201.19596361758292,201.54060142143896,-0.8780983363856595,-0.8780983363856595,-0.8780983363856595,-0.8780983363856595,-0.8780983363856595,-0.8780983363856595,0.0,0.0,0.0,200.46352842898528
2018-09-15,201.20058502160546,98.20411986978942,243.04414369906212,201.03677807966037,201.43387523576163,-36.76061758328469,-36.76061758328469,-36.76061758328469,-36.76061758328469,-36.76061758328469,-36.76061758328469,0.0,0.0,0.0,164.43996743832076
2018-09-16,201.05954327784002,99.814764343553,250.01901561821126,200.87373764798522,201.30994775331675,-24.622896455977905,-24.622896455977905,-24.622896455977905,-24.622896455977905,-24.622896455977905,-24.622896455977905,0.0,0.0,0.0,176.43664682186213
2018-09-17,200.91850153407455,148.42398758605387,300.6702414973933,200.71357173728856,201.2012537866419,21.636488223423935,21.636488223423935,21.636488223423935,21.636488223423935,21.636488223423935,21.636488223423935,0.0,0.0,0.0,222.55498975749848
2018-09-18,200.77745979030914,146.1179605789929,294.1421546924972,200.54772825757027,201.09959068699402,19.320975719655674,19.320975719655674,19.320975719655674,19.320975719655674,19.320975719655674,19.320975719655674,0.0,0.0,0.0,220.09843550996482
2018-09-19,200.63641804654367,143.96476161648013,285.8123242072506,200.38368238583533,200.9918400925442,14.139579247712435,14.139579247712435,14.139579247712435,14.139579247712435,14.139579247712435,14.139579247712435,0.0,0.0,0.0,214.77599729425611
2018-09-20,200.49537630277823,130.75779111465982,284.83758272931266,200.2145469407746,200.8935365709418,7.164569185008281,7.164569185008281,7.164569185008281,7.164569185008281,7.164569185008281,7.164569185008281,0.0,0.0,0.0,207.6599454877865
2018-09-21,200.35433455901273,122.05301412238671,274.46028758473216,200.04955031371986,200.79009096309386,-0.8780983363878985,-0.8780983363878985,-0.8780983363878985,-0.8780983363878985,-0.8780983363878985,-0.8780983363878985,0.0,0.0,0.0,199.47623622262483
2018-09-22,200.2132928152473,83.07972661487594,235.6163770812169,199.87261903193476,200.68537130249808,-36.76061758332435,-36.76061758332435,-36.76061758332435,-36.76061758332435,-36.76061758332435,-36.76061758332435,0.0,0.0,0.0,163.45267523192297
2018-09-23,200.07225107148184,98.90706895089184,250.91893818993927,199.69683822837908,200.56676972426925,-24.62289645595661,-24.62289645595661,-24.62289645595661,-24.62289645595661,-24.62289645595661,-24.62289645595661,0.0,0.0,0.0,175.44935461552524
2018-09-24,199.9312093277164,146.7271499898478,299.3458606823518,199.53166594910877,200.46406424948276,21.636488223364715,21.636488223364715,21.636488223364715,21.636488223364715,21.636488223364715,21.636488223364715,0.0,0.0,0.0,221.56769755108112
2018-09-25,199.79016758395093,138.4484685975518,299.74047928667983,199.35970015485697,200.36625216682592,19.32097571964155,19.32097571964155,19.32097571964155,19.32097571964155,19.32097571964155,19.32097571964155,0.0,0.0,0.0,219.11114330359248
2018-09-26,199.64912584018546,137.32678200506453,289.38337642218255,199.17024608960367,200.2617159739935,14.13957924770704,14.13957924770704,14.13957924770704,14.13957924770704,14.13957924770704,14.13957924770704,0.0,0.0,0.0,213.7887050878925
2018-09-27,199.50808409642005,131.05493688235885,290.25081057586334,199.00882648411135,200.1670036990821,7.164569185012946,7.164569185012946,7.164569185012946,7.164569185012946,7.164569185012946,7.164569185012946,0.0,0.0,0.0,206.67265328143299
2018-09-28,199.3670423526546,117.47924236351352,274.65542343867503,198.826445790763,200.05994950676464,-0.8780983364462855,-0.8780983364462855,-0.8780983364462855,-0.8780983364462855,-0.8780983364462855,-0.8780983364462855,0.0,0.0,0.0,198.48894401620834
